event_id,event_name,shock_type,start_date,end_date,origin_country,severity_score,gdp_impact_pct,trade_volume_drop_pct,affected_industries,price_increase_pct,resolution
1,Suez Canal Blockage,Shipping Crisis,2018-04-13,2019-01-26,Egypt,9,-2.1,6.2,"Automotive,Telecommunications,Retail,Pharmaceuticals",58.6,resolved
2,Japan Earthquake Supply Shock,Climate Event,2024-10-01,2024-11-04,Japan,8,-1.5,37.4,"Pharmaceuticals,Retail,Aerospace,Agriculture",6.6,partial
3,Ukraine Conflict,Trade Restriction,2022-09-28,2023-09-18,Russia,5,-2.3,18.8,"Automotive,Pharmaceuticals,Aerospace",69.8,resolved
4,COVID Port Closures,Shipping Crisis,2023-02-25,,China,10,-1.4,39.5,"Automotive,Retail,Energy",146.5,ongoing
5,Suez Canal Blockage,Shipping Crisis,2018-07-07,2020-05-21,Egypt,8,-2.6,30.4,"Agriculture,Automotive",94.4,resolved
6,Red Sea Shipping Disruptions,Shipping Crisis,2021-12-26,2022-08-04,Yemen,9,-1.0,11.5,"Telecommunications,Automotive,Logistics,FMCG",98.0,partial
7,Japan Earthquake Supply Shock,Climate Event,2020-06-18,2021-05-23,Japan,8,-2.6,13.4,"Electronics,Chemicals",236.0,resolved
8,Red Sea Shipping Disruptions,Shipping Crisis,2020-05-20,2022-03-29,Yemen,6,-1.0,26.6,"FMCG,Energy,Pharmaceuticals",188.0,partial
9,Texas Freeze Energy Crisis,Climate Event,2024-07-18,2025-09-06,USA,6,-1.4,36.7,"Construction,Automotive,Electronics,Telecommunications",108.4,resolved
10,Suez Canal Blockage,Shipping Crisis,2022-04-26,2023-05-28,Egypt,10,-0.5,35.0,"Energy,Retail,Electronics,Automotive",193.3,resolved
11,Red Sea Shipping Disruptions,Shipping Crisis,2019-04-02,2020-02-03,Yemen,9,-0.9,25.3,"Pharmaceuticals,Energy",31.1,resolved
12,OPEC Supply Reduction,Oil Shock,2025-03-02,2026-08-10,Saudi Arabia,5,-1.5,24.5,"FMCG,Retail,Telecommunications",32.4,resolved
13,Red Sea Shipping Disruptions,Shipping Crisis,2021-06-13,,Yemen,9,-0.9,10.1,"Automotive,Pharmaceuticals,Construction,Telecommunications",121.4,ongoing
14,Japan Earthquake Supply Shock,Climate Event,2019-11-08,2020-08-12,Japan,10,-2.4,44.8,"Agriculture,Retail,Pharmaceuticals",164.2,partial
15,China Export Controls,Trade Restriction,2023-10-21,,China,5,-1.5,14.2,"Automotive,Chemicals",59.0,ongoing
16,Suez Canal Blockage,Shipping Crisis,2025-01-28,2025-04-05,Egypt,7,-1.2,13.6,"Automotive,Retail,Agriculture",37.4,resolved
17,European Energy Crisis,Oil Shock,2024-06-18,2025-10-22,Germany,10,-2.0,21.9,"Agriculture,Automotive,Telecommunications",119.4,resolved
18,COVID Port Closures,Shipping Crisis,2025-07-21,2027-05-28,China,5,-2.7,12.6,"Aerospace,Chemicals",114.9,resolved
19,Texas Freeze Energy Crisis,Climate Event,2020-01-22,2020-11-09,USA,10,-0.1,38.4,"Retail,Automotive,Electronics",242.4,resolved
20,Global Chip Shortage,Semiconductor Shortage,2019-11-13,2021-01-09,Taiwan,5,-0.1,15.6,"Electronics,FMCG,Aerospace",197.1,resolved
21,China Export Controls,Trade Restriction,2021-03-14,2022-05-28,China,7,-2.8,7.3,"Telecommunications,Construction,FMCG,Agriculture",185.3,partial
22,COVID Port Closures,Shipping Crisis,2021-07-08,,China,5,-0.2,8.2,"Retail,Pharmaceuticals,FMCG",50.5,ongoing
23,European Energy Crisis,Oil Shock,2018-10-06,2020-09-03,Germany,9,-1.5,29.8,"Logistics,Agriculture",107.7,resolved
24,European Energy Crisis,Oil Shock,2024-05-04,2025-10-28,Germany,6,-2.6,10.2,"Telecommunications,Chemicals",163.1,resolved
25,China Export Controls,Trade Restriction,2021-07-19,,China,6,-1.8,10.3,"Logistics,Automotive,Telecommunications,Retail",90.5,ongoing
26,Suez Canal Blockage,Shipping Crisis,2020-09-27,2021-10-17,Egypt,5,-1.2,27.2,"Pharmaceuticals,Energy,Logistics,Retail",233.3,resolved
27,Suez Canal Blockage,Shipping Crisis,2019-07-05,,Egypt,6,-2.6,29.2,"Pharmaceuticals,Retail",180.8,ongoing
28,Global Chip Shortage,Semiconductor Shortage,2025-02-10,2025-11-14,Taiwan,8,-0.7,6.8,"Automotive,Telecommunications",86.7,resolved
29,Ukraine Conflict,Trade Restriction,2025-02-22,2025-11-24,Russia,5,-3.2,40.3,"Pharmaceuticals,Aerospace,Retail,Electronics",226.5,resolved
30,Japan Earthquake Supply Shock,Climate Event,2018-05-28,2019-06-17,Japan,7,-0.4,36.8,"FMCG,Electronics,Energy",215.9,resolved
31,Red Sea Shipping Disruptions,Shipping Crisis,2020-05-10,2021-01-27,Yemen,6,-0.2,37.4,"Aerospace,Logistics,FMCG,Agriculture",220.9,resolved
32,COVID Port Closures,Shipping Crisis,2020-01-05,2020-12-17,China,10,-3.1,39.9,"Pharmaceuticals,Agriculture,Energy,FMCG",215.4,resolved
33,Global Chip Shortage,Semiconductor Shortage,2020-03-28,2021-07-19,Taiwan,6,-2.1,16.1,"Electronics,Telecommunications",22.0,resolved
34,OPEC Supply Reduction,Oil Shock,2021-12-09,2023-10-03,Saudi Arabia,6,-1.5,44.3,"Chemicals,Electronics,Automotive,Energy",14.4,partial
35,European Energy Crisis,Oil Shock,2022-11-15,2023-11-10,Germany,8,-0.4,12.6,"Logistics,Retail,Automotive",15.9,resolved
36,Texas Freeze Energy Crisis,Climate Event,2018-01-07,2019-06-30,USA,8,-3.3,31.6,"Pharmaceuticals,Telecommunications,Agriculture,Chemicals",85.9,partial
37,Red Sea Shipping Disruptions,Shipping Crisis,2025-06-10,2025-10-22,Yemen,8,-1.1,27.2,"Energy,Telecommunications,Aerospace,Chemicals",52.0,resolved
38,Texas Freeze Energy Crisis,Climate Event,2025-08-06,2026-02-07,USA,7,-2.8,36.4,"Retail,Electronics,Energy",153.6,resolved
39,Red Sea Shipping Disruptions,Shipping Crisis,2023-03-20,2024-06-21,Yemen,9,-1.2,29.8,"Construction,FMCG,Automotive,Energy",27.9,resolved
40,Global Chip Shortage,Semiconductor Shortage,2025-07-18,2026-06-07,Taiwan,6,-0.2,29.5,"Electronics,Pharmaceuticals",193.3,resolved
41,China Export Controls,Trade Restriction,2022-08-25,2024-06-06,China,6,-1.3,5.2,"Aerospace,Construction,Pharmaceuticals,Agriculture",189.0,partial
42,Suez Canal Blockage,Shipping Crisis,2022-10-08,2023-05-27,Egypt,5,-1.9,37.1,"Construction,Electronics,Retail,Agriculture",168.6,partial
43,Japan Earthquake Supply Shock,Climate Event,2024-09-04,2025-08-01,Japan,8,-0.4,34.7,"Pharmaceuticals,Retail,Aerospace,Telecommunications",121.3,resolved
44,OPEC Supply Reduction,Oil Shock,2020-10-09,2022-07-30,Saudi Arabia,8,-3.2,16.4,"Telecommunications,Agriculture,Energy",71.6,partial
45,Red Sea Shipping Disruptions,Shipping Crisis,2024-01-22,,Yemen,10,-2.8,21.6,"Aerospace,FMCG",86.1,ongoing
46,China Export Controls,Trade Restriction,2022-08-31,2022-11-09,China,8,-1.9,42.7,"Logistics,Electronics,Pharmaceuticals",78.2,resolved
47,Texas Freeze Energy Crisis,Climate Event,2022-09-13,2024-03-24,USA,8,-1.8,20.6,"Agriculture,Construction,Pharmaceuticals,Energy",168.9,partial
48,Texas Freeze Energy Crisis,Climate Event,2019-11-08,2021-03-07,USA,5,-1.3,10.4,"Electronics,Aerospace,Logistics,Pharmaceuticals",118.1,partial
49,COVID Port Closures,Shipping Crisis,2020-12-01,2021-12-31,China,8,-2.6,8.3,"Chemicals,Aerospace,Energy",9.7,resolved
50,Japan Earthquake Supply Shock,Climate Event,2018-08-02,2019-08-02,Japan,5,-1.4,14.5,"Electronics,Pharmaceuticals,Agriculture,Logistics",121.0,resolved
51,Suez Canal Blockage,Shipping Crisis,2024-04-29,2024-12-15,Egypt,10,-1.1,36.1,"FMCG,Logistics,Telecommunications",45.1,resolved
52,OPEC Supply Reduction,Oil Shock,2019-03-19,,Saudi Arabia,8,-0.3,12.9,"Logistics,Telecommunications,Aerospace",150.1,ongoing
53,Global Chip Shortage,Semiconductor Shortage,2019-02-22,2020-01-03,Taiwan,7,-1.7,31.5,"Logistics,Electronics",21.9,partial
54,Red Sea Shipping Disruptions,Shipping Crisis,2018-02-21,2019-05-04,Yemen,10,-3.0,12.0,"Chemicals,Telecommunications,Construction",132.8,resolved
55,OPEC Supply Reduction,Oil Shock,2024-11-27,2026-06-08,Saudi Arabia,7,-0.6,38.2,"Pharmaceuticals,Logistics,Energy",26.2,resolved
56,China Export Controls,Trade Restriction,2020-09-25,2022-01-20,China,7,-2.9,13.5,"Chemicals,Electronics,Construction",200.5,partial
57,Red Sea Shipping Disruptions,Shipping Crisis,2021-02-19,2022-10-29,Yemen,6,-1.1,24.5,"Electronics,Retail,Agriculture,Automotive",190.8,resolved
58,China Export Controls,Trade Restriction,2025-03-30,2026-08-21,China,8,-1.1,17.2,"Energy,Agriculture",147.5,resolved
59,China Export Controls,Trade Restriction,2024-03-17,2025-09-18,China,7,-2.6,9.8,"Chemicals,Pharmaceuticals,Construction,Energy",52.2,partial
60,Suez Canal Blockage,Shipping Crisis,2024-01-04,2024-07-18,Egypt,9,-2.5,9.0,"Energy,Logistics,Retail",52.6,partial
61,Global Chip Shortage,Semiconductor Shortage,2022-01-18,2022-07-27,Taiwan,9,-2.5,42.8,"FMCG,Energy,Electronics,Logistics",161.3,partial
62,China Export Controls,Trade Restriction,2019-02-25,2019-03-16,China,5,-2.6,39.5,"Construction,Chemicals,FMCG",33.0,resolved
63,Suez Canal Blockage,Shipping Crisis,2022-06-30,,Egypt,9,-0.3,8.4,"Telecommunications,Electronics,FMCG,Logistics",65.8,ongoing
64,Japan Earthquake Supply Shock,Climate Event,2022-09-01,2024-05-20,Japan,8,-0.4,16.9,"Retail,Aerospace",149.2,partial
65,Texas Freeze Energy Crisis,Climate Event,2021-06-04,2023-01-14,USA,10,-3.2,14.6,"Automotive,Agriculture,Telecommunications,Energy",140.2,partial
66,Ukraine Conflict,Trade Restriction,2018-01-11,2019-03-12,Russia,7,-1.1,33.1,"Energy,Electronics,Agriculture",116.2,partial
67,Global Chip Shortage,Semiconductor Shortage,2020-12-19,2022-09-27,Taiwan,10,-3.0,15.6,"Automotive,Retail,Agriculture",39.8,resolved
68,COVID Port Closures,Shipping Crisis,2019-11-11,2020-09-27,China,10,-2.5,21.1,"Construction,Automotive,Pharmaceuticals",71.7,partial
69,Japan Earthquake Supply Shock,Climate Event,2023-07-16,,Japan,9,-2.6,8.7,"Aerospace,Chemicals",240.7,ongoing
70,European Energy Crisis,Oil Shock,2024-08-01,2024-08-29,Germany,8,-1.7,22.7,"Logistics,Electronics,FMCG",73.1,partial
71,European Energy Crisis,Oil Shock,2022-11-21,2024-09-08,Germany,7,-1.2,39.3,"Chemicals,Aerospace,Pharmaceuticals",85.8,resolved
72,China Export Controls,Trade Restriction,2021-03-26,2023-02-09,China,7,-2.6,9.6,"Construction,Automotive",194.3,partial
73,Japan Earthquake Supply Shock,Climate Event,2018-01-05,2019-11-16,Japan,7,-1.4,24.9,"Electronics,Agriculture,Retail",113.3,resolved
74,COVID Port Closures,Shipping Crisis,2020-04-13,2021-01-18,China,5,-0.2,29.4,"Pharmaceuticals,Construction,Automotive",63.6,resolved
75,Ukraine Conflict,Trade Restriction,2021-06-26,,Russia,8,-0.3,30.9,"Automotive,Agriculture,Pharmaceuticals",42.7,ongoing
76,OPEC Supply Reduction,Oil Shock,2023-09-16,2024-06-28,Saudi Arabia,6,-2.2,41.9,"Agriculture,Construction,Retail",129.5,resolved
77,Ukraine Conflict,Trade Restriction,2018-10-13,2019-07-29,Russia,7,-1.0,38.5,"Retail,Energy,Electronics",147.1,resolved
78,China Export Controls,Trade Restriction,2019-09-01,2020-12-08,China,8,-0.3,39.8,"Retail,Pharmaceuticals,Aerospace",245.3,resolved
79,Global Chip Shortage,Semiconductor Shortage,2024-05-31,2025-07-04,Taiwan,10,-0.4,20.2,"Chemicals,Construction",247.2,resolved
80,Ukraine Conflict,Trade Restriction,2023-07-22,,Russia,9,-0.4,5.6,"Chemicals,Automotive,Construction,Telecommunications",40.3,ongoing
81,Ukraine Conflict,Trade Restriction,2018-11-03,2020-03-04,Russia,7,-0.6,39.4,"Logistics,Aerospace,Automotive",98.1,resolved
82,Red Sea Shipping Disruptions,Shipping Crisis,2025-01-11,2026-06-01,Yemen,10,-3.2,44.1,"Automotive,Agriculture,Energy,Telecommunications",191.3,resolved
83,Suez Canal Blockage,Shipping Crisis,2022-12-23,2023-06-18,Egypt,7,-2.3,22.2,"Chemicals,Electronics",64.8,resolved
84,Texas Freeze Energy Crisis,Climate Event,2024-05-07,2024-11-14,USA,9,-3.0,23.4,"Aerospace,Logistics,Agriculture,Construction",67.2,resolved
85,OPEC Supply Reduction,Oil Shock,2025-06-24,2025-07-10,Saudi Arabia,5,-2.0,18.8,"Telecommunications,Retail,FMCG",149.0,resolved
86,Texas Freeze Energy Crisis,Climate Event,2020-10-21,2022-02-07,USA,8,-1.6,28.0,"Construction,Automotive,Agriculture",248.2,resolved
87,OPEC Supply Reduction,Oil Shock,2018-03-31,2020-02-10,Saudi Arabia,7,-0.9,14.2,"Telecommunications,Electronics,Logistics,Construction",201.5,resolved
88,Global Chip Shortage,Semiconductor Shortage,2025-02-20,2025-09-09,Taiwan,10,-1.3,17.4,"Telecommunications,Pharmaceuticals,FMCG,Automotive",113.0,partial
89,European Energy Crisis,Oil Shock,2022-02-03,,Germany,6,-3.1,26.6,"Chemicals,Aerospace,FMCG",243.0,ongoing
90,Japan Earthquake Supply Shock,Climate Event,2023-08-18,2024-05-30,Japan,8,-0.2,10.6,"Energy,Chemicals,Automotive",241.8,resolved
91,Texas Freeze Energy Crisis,Climate Event,2024-04-01,,USA,5,-2.0,31.9,"Electronics,Energy,Retail",169.7,ongoing
92,European Energy Crisis,Oil Shock,2022-04-10,2024-01-30,Germany,7,-0.4,13.9,"Agriculture,Construction,Electronics,Retail",20.5,resolved
93,China Export Controls,Trade Restriction,2021-05-22,2023-03-24,China,8,-3.1,14.4,"Electronics,Energy",136.7,resolved
94,Texas Freeze Energy Crisis,Climate Event,2023-02-02,2024-02-23,USA,8,-1.3,38.3,"Retail,Aerospace,Logistics,FMCG",155.8,partial
95,OPEC Supply Reduction,Oil Shock,2018-05-15,2019-06-05,Saudi Arabia,10,-2.3,41.1,"Chemicals,Automotive",163.0,resolved
96,COVID Port Closures,Shipping Crisis,2022-06-19,2023-04-04,China,10,-1.3,43.8,"Automotive,Telecommunications,Agriculture",17.4,resolved
97,Red Sea Shipping Disruptions,Shipping Crisis,2020-09-24,2021-02-06,Yemen,9,-2.8,39.8,"Retail,Agriculture",85.5,resolved
98,Ukraine Conflict,Trade Restriction,2024-09-07,2024-09-16,Russia,6,-3.1,39.7,"Retail,Energy",37.3,resolved
99,Red Sea Shipping Disruptions,Shipping Crisis,2020-09-01,2022-05-03,Yemen,9,-3.1,7.5,"Electronics,FMCG,Aerospace",114.8,resolved
100,Red Sea Shipping Disruptions,Shipping Crisis,2023-10-04,,Yemen,7,-1.9,43.6,"Agriculture,Logistics,Electronics,Retail",19.9,ongoing
101,China Export Controls,Trade Restriction,2022-07-04,2023-09-20,China,9,-3.0,10.0,"Construction,Automotive,Telecommunications,Chemicals",158.0,resolved
102,European Energy Crisis,Oil Shock,2024-02-25,2025-01-29,Germany,5,-0.8,9.6,"Energy,Construction,Retail,Aerospace",165.4,partial
103,Japan Earthquake Supply Shock,Climate Event,2020-05-30,2021-08-20,Japan,8,-1.0,17.5,"Chemicals,Construction,Aerospace",81.6,resolved
104,OPEC Supply Reduction,Oil Shock,2022-03-14,2022-08-24,Saudi Arabia,5,-2.0,34.8,"Automotive,Pharmaceuticals",96.3,resolved
105,Ukraine Conflict,Trade Restriction,2024-03-28,2024-06-04,Russia,7,-0.5,42.6,"Chemicals,Telecommunications,Automotive,Aerospace",108.6,partial
106,COVID Port Closures,Shipping Crisis,2021-03-24,2022-12-05,China,6,-0.6,19.0,"Retail,Agriculture,FMCG,Construction",141.3,resolved
107,Suez Canal Blockage,Shipping Crisis,2021-02-15,2022-10-02,Egypt,9,-0.3,38.2,"Logistics,Pharmaceuticals,Retail,Electronics",70.5,resolved
108,Ukraine Conflict,Trade Restriction,2021-01-24,2021-12-13,Russia,9,-1.3,7.8,"FMCG,Pharmaceuticals",186.5,resolved
109,COVID Port Closures,Shipping Crisis,2019-01-11,2020-07-14,China,7,-1.0,36.1,"Chemicals,FMCG,Pharmaceuticals",144.1,resolved
110,Suez Canal Blockage,Shipping Crisis,2018-08-04,2019-01-17,Egypt,7,-2.0,22.0,"Telecommunications,Automotive",153.7,partial
111,Texas Freeze Energy Crisis,Climate Event,2021-01-23,2021-09-07,USA,10,-1.2,24.5,"Aerospace,Automotive,Energy",168.4,resolved
112,COVID Port Closures,Shipping Crisis,2020-06-22,2021-08-07,China,6,-0.9,35.6,"Agriculture,Energy",75.9,resolved
113,Suez Canal Blockage,Shipping Crisis,2018-02-01,2019-07-02,Egypt,10,-2.7,27.3,"Aerospace,Retail",168.7,resolved
114,Red Sea Shipping Disruptions,Shipping Crisis,2018-10-23,2019-12-10,Yemen,7,-1.5,27.9,"Electronics,Construction,Automotive",178.8,resolved
115,Texas Freeze Energy Crisis,Climate Event,2021-03-31,2021-08-02,USA,10,-0.4,8.5,"Logistics,Construction",211.9,resolved
116,Global Chip Shortage,Semiconductor Shortage,2022-11-20,2024-07-22,Taiwan,7,-0.9,8.1,"Energy,Chemicals,Agriculture",160.1,resolved
117,Japan Earthquake Supply Shock,Climate Event,2023-09-20,2024-04-12,Japan,6,-3.2,15.2,"Pharmaceuticals,Telecommunications,FMCG",47.5,resolved
118,Ukraine Conflict,Trade Restriction,2025-05-08,2025-07-31,Russia,8,-1.2,40.3,"Construction,Logistics,Telecommunications",162.5,partial
119,European Energy Crisis,Oil Shock,2021-08-16,2023-05-27,Germany,10,-2.5,16.0,"Construction,Pharmaceuticals",18.8,resolved
120,Japan Earthquake Supply Shock,Climate Event,2018-10-31,2019-09-20,Japan,5,-1.3,44.1,"Chemicals,Energy",27.1,resolved
121,European Energy Crisis,Oil Shock,2023-09-08,2024-10-12,Germany,7,-1.4,25.1,"Electronics,Construction,Logistics,Agriculture",239.6,partial
122,China Export Controls,Trade Restriction,2019-02-28,2020-02-21,China,10,-2.0,22.6,"Telecommunications,FMCG,Electronics,Agriculture",133.1,resolved
123,Ukraine Conflict,Trade Restriction,2022-01-30,2023-02-22,Russia,5,-0.8,30.9,"Chemicals,Telecommunications,Logistics",21.1,resolved
124,Suez Canal Blockage,Shipping Crisis,2024-04-04,2025-05-11,Egypt,9,-1.2,41.7,"Logistics,FMCG,Chemicals,Automotive",81.0,partial
125,Texas Freeze Energy Crisis,Climate Event,2019-06-13,2021-02-18,USA,6,-1.2,38.2,"Retail,Aerospace,Chemicals",186.0,resolved
126,Japan Earthquake Supply Shock,Climate Event,2019-01-18,2020-11-16,Japan,6,-0.3,18.7,"Electronics,Chemicals,Energy",192.7,partial
127,Global Chip Shortage,Semiconductor Shortage,2020-07-16,2020-12-10,Taiwan,10,-0.5,6.5,"Retail,Pharmaceuticals",87.5,resolved
128,European Energy Crisis,Oil Shock,2019-06-21,2021-02-28,Germany,6,-1.0,6.7,"Pharmaceuticals,Logistics",94.3,resolved
129,Global Chip Shortage,Semiconductor Shortage,2022-12-25,2024-09-17,Taiwan,7,-0.2,36.4,"Agriculture,Retail,Pharmaceuticals",226.5,partial
130,Global Chip Shortage,Semiconductor Shortage,2022-02-15,2023-09-29,Taiwan,8,-0.2,37.7,"Aerospace,Retail,Telecommunications",201.3,resolved
131,Ukraine Conflict,Trade Restriction,2020-10-21,2020-12-20,Russia,5,-0.9,15.9,"Automotive,Retail,Pharmaceuticals,Energy",226.8,resolved
132,Ukraine Conflict,Trade Restriction,2022-11-27,2023-03-07,Russia,5,-2.2,20.0,"Chemicals,Electronics,Aerospace",99.6,resolved
133,Suez Canal Blockage,Shipping Crisis,2022-03-16,,Egypt,7,-0.8,10.5,"Pharmaceuticals,Telecommunications",75.3,ongoing
134,China Export Controls,Trade Restriction,2019-07-23,2020-11-21,China,6,-0.7,27.0,"Electronics,Energy",183.2,resolved
135,Japan Earthquake Supply Shock,Climate Event,2022-09-30,2023-01-28,Japan,8,-1.3,29.9,"Automotive,Electronics,Agriculture",20.4,resolved
136,China Export Controls,Trade Restriction,2024-09-10,,China,8,-3.5,19.1,"Logistics,Agriculture,FMCG,Energy",144.8,ongoing
137,Ukraine Conflict,Trade Restriction,2025-06-14,,Russia,9,-0.8,25.3,"Automotive,Retail,Telecommunications",10.0,ongoing
138,China Export Controls,Trade Restriction,2018-06-28,2020-04-15,China,5,-2.3,34.3,"Pharmaceuticals,Electronics,Chemicals",158.9,resolved
139,European Energy Crisis,Oil Shock,2021-09-23,,Germany,10,-1.9,12.3,"Chemicals,Telecommunications,FMCG,Construction",38.0,ongoing
140,China Export Controls,Trade Restriction,2018-06-01,2019-04-04,China,9,-2.1,37.6,"Chemicals,Energy",121.0,resolved
141,COVID Port Closures,Shipping Crisis,2025-04-03,2025-10-22,China,8,-0.5,34.7,"Chemicals,Energy,Automotive,Pharmaceuticals",224.2,resolved
142,Texas Freeze Energy Crisis,Climate Event,2021-10-20,2022-05-06,USA,10,-2.1,22.2,"Retail,Energy,Automotive",248.8,resolved
143,Ukraine Conflict,Trade Restriction,2024-02-13,2024-12-16,Russia,8,-1.5,22.0,"Telecommunications,Energy,Pharmaceuticals",174.0,resolved
144,Red Sea Shipping Disruptions,Shipping Crisis,2023-01-06,2023-02-25,Yemen,10,-1.3,19.5,"Aerospace,Energy,Electronics,Automotive",201.3,resolved
145,Ukraine Conflict,Trade Restriction,2018-05-08,2018-10-08,Russia,6,-0.9,19.7,"Electronics,FMCG,Automotive",98.8,partial
146,European Energy Crisis,Oil Shock,2018-05-13,2020-01-29,Germany,9,-3.0,19.7,"Chemicals,Construction,Automotive",82.0,resolved
147,OPEC Supply Reduction,Oil Shock,2020-10-19,,Saudi Arabia,8,-0.4,9.7,"Construction,Retail",194.9,ongoing
148,China Export Controls,Trade Restriction,2020-05-28,2022-02-20,China,5,-2.0,40.9,"Automotive,FMCG",114.1,resolved
149,Suez Canal Blockage,Shipping Crisis,2025-08-25,2026-07-25,Egypt,7,-0.5,39.1,"Retail,Pharmaceuticals",179.4,partial
150,Ukraine Conflict,Trade Restriction,2022-01-20,2023-07-01,Russia,5,-2.3,27.9,"Agriculture,Construction",119.5,resolved
151,Japan Earthquake Supply Shock,Climate Event,2019-06-16,2021-03-10,Japan,8,-0.9,37.9,"Aerospace,Construction,Retail",23.1,resolved
152,Red Sea Shipping Disruptions,Shipping Crisis,2025-03-16,2025-06-06,Yemen,6,-2.0,41.4,"Chemicals,FMCG,Retail,Telecommunications",18.6,partial
153,Suez Canal Blockage,Shipping Crisis,2023-10-24,2024-04-04,Egypt,9,-0.5,38.8,"Pharmaceuticals,Agriculture,Chemicals",66.4,resolved
154,Japan Earthquake Supply Shock,Climate Event,2021-01-29,2021-06-13,Japan,6,-1.3,33.8,"Automotive,Retail,FMCG,Logistics",153.3,partial
155,European Energy Crisis,Oil Shock,2018-06-18,,Germany,9,-1.3,24.9,"Logistics,Energy,Agriculture,Aerospace",158.7,ongoing
156,OPEC Supply Reduction,Oil Shock,2025-03-14,2026-01-24,Saudi Arabia,10,-3.3,22.6,"Energy,Construction,Automotive",123.6,partial
157,Global Chip Shortage,Semiconductor Shortage,2021-10-25,,Taiwan,7,-1.7,9.2,"Chemicals,Pharmaceuticals,Aerospace,FMCG",64.2,ongoing
158,Suez Canal Blockage,Shipping Crisis,2020-12-31,2022-04-12,Egypt,9,-2.1,43.5,"Energy,Aerospace",226.1,resolved
159,Red Sea Shipping Disruptions,Shipping Crisis,2024-06-24,2025-05-17,Yemen,7,-1.8,8.6,"Retail,Construction,Telecommunications",101.3,resolved
160,China Export Controls,Trade Restriction,2020-09-13,2021-04-28,China,9,-0.5,31.2,"Energy,Construction",120.3,resolved
161,Japan Earthquake Supply Shock,Climate Event,2018-02-03,2018-05-31,Japan,8,-3.3,27.5,"Chemicals,Aerospace,Pharmaceuticals,Electronics",93.8,resolved
162,OPEC Supply Reduction,Oil Shock,2018-10-29,2019-12-05,Saudi Arabia,5,-3.1,8.9,"Logistics,Telecommunications,Pharmaceuticals",96.4,partial
163,Red Sea Shipping Disruptions,Shipping Crisis,2024-04-03,2025-04-19,Yemen,5,-3.4,33.5,"Retail,Aerospace,Pharmaceuticals,Electronics",202.0,resolved
164,Japan Earthquake Supply Shock,Climate Event,2023-02-15,2023-07-24,Japan,7,-2.9,44.6,"Chemicals,Logistics",186.1,partial
165,OPEC Supply Reduction,Oil Shock,2024-08-28,2025-08-14,Saudi Arabia,5,-2.2,32.0,"Construction,Logistics,Energy,Pharmaceuticals",245.1,partial
166,European Energy Crisis,Oil Shock,2021-06-14,,Germany,9,-2.7,7.1,"Energy,Telecommunications,Logistics",122.7,ongoing
167,Japan Earthquake Supply Shock,Climate Event,2025-01-20,2026-10-23,Japan,5,-1.6,33.0,"Telecommunications,Agriculture",51.7,resolved
168,China Export Controls,Trade Restriction,2021-07-08,2022-09-16,China,9,-0.4,39.9,"Aerospace,Retail",185.3,partial
169,COVID Port Closures,Shipping Crisis,2019-07-20,2021-01-08,China,6,-1.9,26.3,"Construction,Retail,Aerospace,Chemicals",138.8,resolved
170,OPEC Supply Reduction,Oil Shock,2024-11-03,2026-03-20,Saudi Arabia,7,-0.9,33.2,"Retail,Energy,Agriculture",174.1,resolved
171,China Export Controls,Trade Restriction,2021-07-22,2022-12-02,China,10,-1.7,40.8,"Energy,Automotive,Logistics",101.7,partial
172,Red Sea Shipping Disruptions,Shipping Crisis,2019-08-23,,Yemen,10,-1.9,13.1,"Automotive,Chemicals,Construction,Energy",137.0,ongoing
173,Japan Earthquake Supply Shock,Climate Event,2021-01-17,,Japan,10,-0.4,14.0,"Logistics,Agriculture,Telecommunications,Electronics",62.0,ongoing
174,Suez Canal Blockage,Shipping Crisis,2022-08-20,2023-07-31,Egypt,8,-1.3,40.2,"FMCG,Electronics,Retail,Pharmaceuticals",121.5,resolved
175,Global Chip Shortage,Semiconductor Shortage,2021-03-22,2022-02-20,Taiwan,6,-1.7,33.9,"Telecommunications,Logistics",234.5,resolved
176,Ukraine Conflict,Trade Restriction,2022-09-08,2023-03-14,Russia,5,-3.5,27.7,"Construction,FMCG,Energy",31.3,resolved
177,Red Sea Shipping Disruptions,Shipping Crisis,2021-03-11,2022-06-26,Yemen,7,-2.8,9.5,"Construction,FMCG,Retail,Pharmaceuticals",44.8,partial
178,China Export Controls,Trade Restriction,2025-04-09,2026-01-04,China,6,-1.4,30.5,"Chemicals,Energy,Logistics,Agriculture",104.3,resolved
179,Texas Freeze Energy Crisis,Climate Event,2023-10-12,,USA,7,-0.3,5.3,"Automotive,FMCG,Telecommunications,Construction",99.0,ongoing
180,China Export Controls,Trade Restriction,2020-12-29,2021-12-08,China,5,-1.2,23.6,"Electronics,Energy,Chemicals,Agriculture",44.1,partial
181,Japan Earthquake Supply Shock,Climate Event,2021-06-27,2021-11-01,Japan,6,-1.9,23.2,"Logistics,Agriculture,Telecommunications",247.3,resolved
182,Red Sea Shipping Disruptions,Shipping Crisis,2022-08-31,2024-03-22,Yemen,9,-2.0,33.2,"Agriculture,Pharmaceuticals,Logistics,Automotive",24.1,partial
183,European Energy Crisis,Oil Shock,2019-04-05,2019-06-14,Germany,6,-2.9,39.2,"Logistics,Retail",113.3,partial
184,Global Chip Shortage,Semiconductor Shortage,2024-07-16,,Taiwan,9,-2.1,27.6,"Construction,Electronics,Pharmaceuticals,FMCG",141.9,ongoing
185,OPEC Supply Reduction,Oil Shock,2018-03-31,2019-05-17,Saudi Arabia,8,-2.3,7.6,"Agriculture,Logistics,Automotive,Electronics",248.6,resolved
186,Suez Canal Blockage,Shipping Crisis,2023-04-18,2023-05-27,Egypt,8,-2.2,40.7,"Telecommunications,Pharmaceuticals",114.9,resolved
187,Texas Freeze Energy Crisis,Climate Event,2022-03-19,2022-06-16,USA,6,-0.1,20.7,"FMCG,Telecommunications,Chemicals,Automotive",36.2,partial
188,Global Chip Shortage,Semiconductor Shortage,2018-01-15,2018-02-14,Taiwan,8,-0.7,14.9,"Pharmaceuticals,Retail,Aerospace,Telecommunications",89.8,resolved
189,OPEC Supply Reduction,Oil Shock,2020-02-12,,Saudi Arabia,6,-3.3,28.8,"Aerospace,Logistics,Electronics,Agriculture",114.4,ongoing
190,COVID Port Closures,Shipping Crisis,2020-09-29,2020-11-20,China,7,-2.7,41.7,"Agriculture,Electronics,FMCG,Retail",146.1,resolved
191,European Energy Crisis,Oil Shock,2024-09-15,2026-08-11,Germany,6,-2.1,16.0,"FMCG,Telecommunications,Retail",141.4,resolved
192,European Energy Crisis,Oil Shock,2019-12-19,2021-09-27,Germany,9,-2.4,21.7,"Electronics,Chemicals,Aerospace",41.6,partial
193,Texas Freeze Energy Crisis,Climate Event,2020-01-24,2021-08-03,USA,5,-1.6,43.7,"Pharmaceuticals,FMCG,Construction",141.5,resolved
194,Ukraine Conflict,Trade Restriction,2022-05-10,2023-01-20,Russia,9,-1.0,12.6,"Automotive,Construction,Chemicals,Pharmaceuticals",70.8,resolved
195,European Energy Crisis,Oil Shock,2024-10-05,2024-11-21,Germany,8,-2.8,41.3,"Pharmaceuticals,Telecommunications,Retail,Agriculture",79.3,resolved
196,COVID Port Closures,Shipping Crisis,2020-05-17,2020-12-04,China,8,-0.4,27.1,"Construction,Agriculture,Logistics,Telecommunications",195.0,resolved
197,Texas Freeze Energy Crisis,Climate Event,2023-03-25,2024-09-28,USA,8,-3.2,44.3,"Chemicals,Retail,Construction",120.0,resolved
198,Red Sea Shipping Disruptions,Shipping Crisis,2020-04-12,2021-05-03,Yemen,9,-0.3,28.2,"Agriculture,FMCG,Electronics,Energy",107.3,resolved
199,Ukraine Conflict,Trade Restriction,2020-03-14,2021-02-21,Russia,10,-0.3,18.5,"Construction,Retail",192.0,partial
200,China Export Controls,Trade Restriction,2025-03-13,2026-08-04,China,8,-2.9,40.6,"FMCG,Pharmaceuticals,Retail",247.6,partial
201,COVID Port Closures,Shipping Crisis,2023-11-17,2023-12-28,China,10,-2.7,33.3,"Electronics,Pharmaceuticals,Aerospace,FMCG",7.2,resolved
202,Japan Earthquake Supply Shock,Climate Event,2023-02-11,,Japan,5,-3.5,27.1,"Telecommunications,Logistics,Construction,Pharmaceuticals",7.9,ongoing
203,Japan Earthquake Supply Shock,Climate Event,2021-01-30,2022-08-08,Japan,5,-0.4,26.0,"Pharmaceuticals,Telecommunications,Aerospace,FMCG",64.0,resolved
204,European Energy Crisis,Oil Shock,2023-11-27,2024-08-18,Germany,8,-1.6,44.6,"Automotive,Chemicals,Aerospace",60.3,resolved
205,Suez Canal Blockage,Shipping Crisis,2025-05-01,2027-03-04,Egypt,8,-3.3,5.4,"Aerospace,Pharmaceuticals,Retail",47.0,resolved
206,China Export Controls,Trade Restriction,2022-11-13,2024-09-10,China,6,-2.8,39.7,"Retail,Electronics",222.5,partial
207,China Export Controls,Trade Restriction,2021-01-15,2021-03-10,China,6,-0.3,17.6,"Retail,Logistics,Electronics",240.6,partial
208,European Energy Crisis,Oil Shock,2019-08-14,2020-10-01,Germany,9,-0.7,20.6,"Logistics,Agriculture",224.6,resolved
209,Red Sea Shipping Disruptions,Shipping Crisis,2022-04-22,2022-09-19,Yemen,5,-2.0,38.5,"Automotive,Retail,Chemicals,Electronics",88.4,partial
210,European Energy Crisis,Oil Shock,2024-09-05,2025-10-23,Germany,8,-1.8,19.2,"Telecommunications,Energy",235.6,resolved
211,Texas Freeze Energy Crisis,Climate Event,2020-01-31,2021-09-28,USA,7,-3.0,33.5,"Energy,Agriculture,Automotive,Logistics",160.3,resolved
212,Texas Freeze Energy Crisis,Climate Event,2021-07-21,,USA,7,-0.9,9.1,"Energy,Construction",26.4,ongoing
213,Texas Freeze Energy Crisis,Climate Event,2023-01-13,2024-08-12,USA,7,-1.6,28.9,"Electronics,Automotive",197.2,resolved
214,Texas Freeze Energy Crisis,Climate Event,2018-02-20,2018-12-22,USA,6,-1.2,11.8,"Retail,Agriculture,Logistics,Pharmaceuticals",70.9,resolved
215,OPEC Supply Reduction,Oil Shock,2023-07-13,,Saudi Arabia,8,-0.8,19.4,"Energy,Aerospace,Pharmaceuticals",236.3,ongoing
216,China Export Controls,Trade Restriction,2024-08-29,2026-05-29,China,8,-2.4,29.8,"Energy,Electronics",202.0,resolved
217,Red Sea Shipping Disruptions,Shipping Crisis,2022-12-09,2023-11-23,Yemen,8,-2.4,43.6,"FMCG,Energy,Chemicals,Agriculture",242.3,partial
218,OPEC Supply Reduction,Oil Shock,2025-02-05,2026-06-29,Saudi Arabia,7,-3.1,27.6,"Aerospace,Energy,Pharmaceuticals",150.1,resolved
219,Japan Earthquake Supply Shock,Climate Event,2020-01-07,,Japan,10,-3.3,38.9,"Construction,Agriculture,Pharmaceuticals,Energy",199.8,ongoing
220,China Export Controls,Trade Restriction,2019-07-25,2021-05-10,China,8,-0.1,24.2,"FMCG,Aerospace,Telecommunications,Automotive",103.2,resolved
221,Japan Earthquake Supply Shock,Climate Event,2022-09-10,,Japan,10,-0.4,9.4,"Pharmaceuticals,Retail,Logistics",65.8,ongoing
222,Red Sea Shipping Disruptions,Shipping Crisis,2019-11-13,2021-09-12,Yemen,8,-3.1,8.9,"Telecommunications,Pharmaceuticals,Aerospace,Chemicals",59.4,partial
223,Japan Earthquake Supply Shock,Climate Event,2024-04-04,2025-11-26,Japan,10,-1.5,25.0,"Chemicals,Aerospace,Construction",89.5,resolved
224,COVID Port Closures,Shipping Crisis,2023-06-01,2023-09-23,China,7,-2.4,23.2,"Pharmaceuticals,FMCG",55.7,resolved
225,China Export Controls,Trade Restriction,2021-11-27,,China,7,-3.3,33.4,"Pharmaceuticals,Construction,Chemicals,Automotive",10.5,ongoing
226,Red Sea Shipping Disruptions,Shipping Crisis,2025-04-08,2025-08-04,Yemen,6,-2.4,22.1,"Agriculture,Retail,FMCG,Telecommunications",118.2,resolved
227,Texas Freeze Energy Crisis,Climate Event,2025-01-23,2025-08-06,USA,6,-2.0,22.2,"Aerospace,Electronics,Logistics",6.1,partial
228,Global Chip Shortage,Semiconductor Shortage,2020-04-22,2021-02-08,Taiwan,7,-2.8,9.6,"Automotive,Retail,FMCG,Chemicals",169.3,resolved
229,China Export Controls,Trade Restriction,2023-12-02,2025-09-23,China,7,-0.6,29.7,"Aerospace,Logistics,Automotive,Chemicals",204.4,resolved
230,OPEC Supply Reduction,Oil Shock,2024-11-21,,Saudi Arabia,6,-2.5,12.3,"Chemicals,Automotive",174.9,ongoing
231,Japan Earthquake Supply Shock,Climate Event,2022-05-11,2023-07-20,Japan,10,-1.7,41.8,"Aerospace,FMCG,Construction",233.0,partial
232,Ukraine Conflict,Trade Restriction,2024-03-22,2024-09-15,Russia,9,-3.3,19.4,"Chemicals,Construction",7.3,resolved
233,Ukraine Conflict,Trade Restriction,2020-03-10,2021-04-14,Russia,10,-0.6,24.5,"Construction,Aerospace,Pharmaceuticals,Telecommunications",25.3,partial
234,COVID Port Closures,Shipping Crisis,2020-06-22,,China,6,-0.8,27.6,"Retail,Energy",194.3,ongoing
235,China Export Controls,Trade Restriction,2024-03-01,,China,7,-1.7,35.3,"Energy,Retail",191.2,ongoing
236,China Export Controls,Trade Restriction,2024-02-16,2024-10-03,China,8,-2.6,39.5,"Telecommunications,Agriculture,Energy,Electronics",26.3,resolved
237,Suez Canal Blockage,Shipping Crisis,2020-08-28,2021-04-06,Egypt,9,-3.0,13.3,"Chemicals,Logistics,Aerospace,FMCG",55.7,partial
238,COVID Port Closures,Shipping Crisis,2024-05-24,2025-05-25,China,9,-2.6,39.3,"FMCG,Chemicals,Energy,Logistics",246.4,partial
239,Suez Canal Blockage,Shipping Crisis,2019-07-10,2020-09-10,Egypt,10,-2.4,14.9,"FMCG,Pharmaceuticals,Agriculture,Telecommunications",211.7,resolved
240,Texas Freeze Energy Crisis,Climate Event,2023-06-28,2023-11-27,USA,10,-0.8,35.8,"Aerospace,Pharmaceuticals,Construction,Automotive",103.7,resolved
241,OPEC Supply Reduction,Oil Shock,2022-02-20,2023-06-07,Saudi Arabia,5,-0.8,20.9,"Electronics,Automotive,Construction,Chemicals",242.2,resolved
242,Global Chip Shortage,Semiconductor Shortage,2023-07-20,2024-04-26,Taiwan,9,-0.6,36.5,"Retail,Logistics,FMCG",224.1,resolved
243,COVID Port Closures,Shipping Crisis,2018-07-08,2018-10-24,China,8,-1.9,44.7,"Automotive,FMCG",109.8,resolved
244,Ukraine Conflict,Trade Restriction,2025-04-16,2026-02-26,Russia,7,-3.2,31.6,"Telecommunications,Chemicals",164.0,resolved
245,COVID Port Closures,Shipping Crisis,2022-06-12,2024-03-20,China,5,-1.1,5.0,"Aerospace,Telecommunications",121.8,partial
246,Ukraine Conflict,Trade Restriction,2024-08-28,2025-04-23,Russia,5,-0.1,21.9,"Electronics,Chemicals",37.4,resolved
247,Suez Canal Blockage,Shipping Crisis,2020-07-26,,Egypt,7,-0.5,10.5,"Automotive,Chemicals",194.5,ongoing
248,Ukraine Conflict,Trade Restriction,2025-03-12,,Russia,8,-2.3,13.5,"Logistics,Electronics,Pharmaceuticals,FMCG",188.3,ongoing
249,Texas Freeze Energy Crisis,Climate Event,2024-11-28,2026-03-03,USA,9,-1.0,19.1,"FMCG,Automotive",110.2,resolved
250,Ukraine Conflict,Trade Restriction,2020-10-11,2021-07-28,Russia,10,-3.4,38.9,"Logistics,Pharmaceuticals,Telecommunications,Energy",219.6,resolved
251,Global Chip Shortage,Semiconductor Shortage,2023-10-22,2025-07-11,Taiwan,6,-1.8,9.5,"Energy,Telecommunications,Electronics",127.4,partial
252,European Energy Crisis,Oil Shock,2018-10-18,2020-04-17,Germany,9,-2.1,26.9,"Chemicals,FMCG,Aerospace",47.3,resolved
253,China Export Controls,Trade Restriction,2018-10-26,2018-11-19,China,8,-1.8,30.1,"Agriculture,Electronics,Telecommunications",127.8,resolved
254,Texas Freeze Energy Crisis,Climate Event,2022-10-01,,USA,5,-2.4,25.5,"Retail,Logistics,FMCG,Energy",54.8,ongoing
255,Ukraine Conflict,Trade Restriction,2024-01-07,2024-12-13,Russia,10,-2.0,43.1,"Telecommunications,Pharmaceuticals,Automotive,Energy",63.5,partial
256,Global Chip Shortage,Semiconductor Shortage,2018-12-20,,Taiwan,5,-3.5,10.5,"Logistics,Electronics,Energy,FMCG",7.8,ongoing
257,China Export Controls,Trade Restriction,2021-11-21,2023-05-17,China,10,-0.8,15.8,"FMCG,Chemicals,Pharmaceuticals",222.2,partial
258,COVID Port Closures,Shipping Crisis,2021-10-04,2022-12-24,China,8,-2.0,19.4,"Pharmaceuticals,Logistics,Automotive",127.4,resolved
259,European Energy Crisis,Oil Shock,2019-11-15,2020-12-02,Germany,5,-3.4,39.5,"Telecommunications,Automotive,Agriculture,Retail",64.9,resolved
260,China Export Controls,Trade Restriction,2022-01-30,2023-03-05,China,8,-2.7,14.9,"Retail,Telecommunications",229.4,resolved
261,Red Sea Shipping Disruptions,Shipping Crisis,2021-01-16,2021-04-12,Yemen,9,-0.2,43.2,"Telecommunications,Electronics,FMCG,Agriculture",21.9,resolved
262,China Export Controls,Trade Restriction,2021-03-02,2022-01-21,China,7,-1.6,17.2,"Electronics,Chemicals,Agriculture",157.6,partial
263,China Export Controls,Trade Restriction,2022-02-17,2023-10-22,China,8,-3.4,26.7,"Retail,Agriculture,FMCG,Electronics",160.8,resolved
264,COVID Port Closures,Shipping Crisis,2021-10-04,2021-10-12,China,9,-0.2,21.8,"Pharmaceuticals,Energy,Automotive,Agriculture",240.5,resolved
265,Ukraine Conflict,Trade Restriction,2021-02-20,,Russia,10,-0.5,23.3,"Retail,Aerospace",188.2,ongoing
266,European Energy Crisis,Oil Shock,2019-01-27,,Germany,5,-2.0,43.6,"Automotive,Logistics,Telecommunications",63.0,ongoing
267,OPEC Supply Reduction,Oil Shock,2021-07-14,2022-08-27,Saudi Arabia,6,-3.2,13.1,"Chemicals,Construction,Energy",196.1,partial
268,European Energy Crisis,Oil Shock,2019-03-23,,Germany,5,-1.7,43.6,"Construction,Chemicals,Aerospace",55.9,ongoing
269,OPEC Supply Reduction,Oil Shock,2023-03-13,2023-12-16,Saudi Arabia,10,-1.1,6.6,"Telecommunications,Energy",209.8,resolved
270,Red Sea Shipping Disruptions,Shipping Crisis,2019-08-31,2019-12-09,Yemen,7,-0.7,12.0,"Retail,Electronics,Energy",238.3,resolved
271,China Export Controls,Trade Restriction,2024-03-27,2025-10-18,China,5,-3.3,36.2,"FMCG,Automotive",59.5,resolved
272,Global Chip Shortage,Semiconductor Shortage,2022-06-29,2023-07-22,Taiwan,7,-0.4,8.0,"Logistics,Pharmaceuticals",249.3,partial
273,Global Chip Shortage,Semiconductor Shortage,2025-03-30,2026-07-04,Taiwan,5,-2.9,28.0,"Automotive,Electronics,Construction",206.3,resolved
274,Texas Freeze Energy Crisis,Climate Event,2023-07-26,2023-09-01,USA,6,-2.6,22.8,"Chemicals,Agriculture",41.4,resolved
275,European Energy Crisis,Oil Shock,2024-12-11,2026-09-10,Germany,5,-3.2,20.3,"Aerospace,Retail,Construction",107.7,resolved
276,Japan Earthquake Supply Shock,Climate Event,2020-10-17,2022-07-31,Japan,8,-1.6,24.4,"Aerospace,Chemicals",228.6,partial
277,Japan Earthquake Supply Shock,Climate Event,2021-08-10,2022-09-18,Japan,7,-3.3,44.7,"Logistics,Agriculture,Electronics",134.7,resolved
278,European Energy Crisis,Oil Shock,2020-08-11,,Germany,6,-1.5,44.3,"Agriculture,Energy,Retail,Electronics",100.2,ongoing
279,Ukraine Conflict,Trade Restriction,2019-12-23,2020-08-28,Russia,9,-1.6,27.5,"Chemicals,Logistics,Electronics,Pharmaceuticals",51.1,partial
280,China Export Controls,Trade Restriction,2024-01-30,2024-12-18,China,9,-2.8,26.1,"Electronics,Agriculture",5.2,resolved
281,European Energy Crisis,Oil Shock,2020-04-05,2020-08-23,Germany,9,-1.1,10.7,"Electronics,Pharmaceuticals,FMCG",32.2,resolved
282,Japan Earthquake Supply Shock,Climate Event,2022-02-03,2022-04-25,Japan,7,-2.4,44.0,"Logistics,Automotive,Chemicals",184.4,partial
283,Texas Freeze Energy Crisis,Climate Event,2025-03-03,2026-07-21,USA,10,-1.5,12.0,"Retail,Logistics,Chemicals,Agriculture",80.2,resolved
284,OPEC Supply Reduction,Oil Shock,2019-06-06,2019-12-11,Saudi Arabia,9,-2.4,37.4,"Aerospace,Logistics,Electronics,FMCG",154.8,partial
285,European Energy Crisis,Oil Shock,2019-03-03,,Germany,6,-1.3,43.5,"Automotive,Agriculture,Chemicals,Logistics",206.3,ongoing
286,Red Sea Shipping Disruptions,Shipping Crisis,2023-01-04,2023-01-22,Yemen,10,-3.5,20.4,"Automotive,Chemicals,Energy,Pharmaceuticals",184.5,resolved
287,Ukraine Conflict,Trade Restriction,2022-08-23,2024-01-16,Russia,6,-2.0,37.0,"Aerospace,Automotive,Construction,Agriculture",13.2,resolved
288,COVID Port Closures,Shipping Crisis,2021-07-29,2022-04-29,China,10,-3.2,42.7,"FMCG,Aerospace,Pharmaceuticals",244.6,resolved
289,Red Sea Shipping Disruptions,Shipping Crisis,2024-08-30,2026-05-27,Yemen,6,-1.4,22.4,"Aerospace,Telecommunications",18.1,partial
290,Red Sea Shipping Disruptions,Shipping Crisis,2020-04-21,2020-11-08,Yemen,7,-2.7,7.0,"Pharmaceuticals,Retail,Energy,Logistics",145.1,partial
291,China Export Controls,Trade Restriction,2019-09-22,2019-11-23,China,10,-1.5,13.0,"Energy,Telecommunications",11.3,resolved
292,Ukraine Conflict,Trade Restriction,2025-02-27,2025-12-29,Russia,8,-1.8,31.4,"Energy,Aerospace",27.3,resolved
293,Japan Earthquake Supply Shock,Climate Event,2022-05-07,2022-11-19,Japan,7,-2.0,15.5,"FMCG,Construction,Electronics",210.1,resolved
294,European Energy Crisis,Oil Shock,2018-09-10,2019-02-18,Germany,7,-0.8,21.6,"Automotive,Telecommunications",190.3,partial
295,Global Chip Shortage,Semiconductor Shortage,2024-03-17,2024-05-25,Taiwan,9,-0.5,24.1,"Retail,Telecommunications,Construction",24.3,partial
296,COVID Port Closures,Shipping Crisis,2023-08-19,2025-04-01,China,6,-0.3,11.7,"Logistics,FMCG,Automotive,Construction",56.9,partial
297,Global Chip Shortage,Semiconductor Shortage,2019-06-01,2019-07-21,Taiwan,9,-2.6,41.4,"Agriculture,Telecommunications,FMCG",229.0,partial
298,Suez Canal Blockage,Shipping Crisis,2018-12-23,2020-01-31,Egypt,5,-0.8,29.9,"Energy,Retail,Construction",133.0,partial
299,Texas Freeze Energy Crisis,Climate Event,2019-04-06,,USA,9,-0.8,36.4,"Logistics,Pharmaceuticals,Automotive,Telecommunications",217.5,ongoing
300,Red Sea Shipping Disruptions,Shipping Crisis,2022-08-11,2023-05-15,Yemen,7,-2.1,29.7,"Logistics,Construction,Electronics,FMCG",171.8,resolved
301,Texas Freeze Energy Crisis,Climate Event,2018-06-08,2019-07-25,USA,7,-3.4,37.7,"Agriculture,Electronics,Construction,Energy",79.2,resolved
302,OPEC Supply Reduction,Oil Shock,2023-07-07,2023-10-22,Saudi Arabia,7,-2.6,21.7,"Energy,Construction",163.2,resolved
303,Global Chip Shortage,Semiconductor Shortage,2022-12-15,2023-07-26,Taiwan,9,-0.8,7.6,"Construction,Retail,Chemicals,Electronics",178.8,resolved
304,Texas Freeze Energy Crisis,Climate Event,2019-07-10,2021-01-03,USA,5,-2.7,23.3,"Agriculture,Pharmaceuticals",229.9,resolved
305,Global Chip Shortage,Semiconductor Shortage,2021-01-27,2022-02-15,Taiwan,6,-2.2,28.8,"Telecommunications,Automotive,Electronics",48.5,partial
306,China Export Controls,Trade Restriction,2024-07-31,2026-02-22,China,5,-2.2,11.5,"Pharmaceuticals,Automotive,Energy",145.2,resolved
307,Global Chip Shortage,Semiconductor Shortage,2020-06-25,2022-04-25,Taiwan,5,-0.6,43.7,"Telecommunications,Aerospace,Retail",172.1,resolved
308,China Export Controls,Trade Restriction,2019-06-26,2021-04-25,China,7,-1.1,33.4,"Energy,Logistics",72.5,resolved
309,Texas Freeze Energy Crisis,Climate Event,2021-11-29,2023-03-21,USA,8,-1.5,5.3,"Telecommunications,Retail,Logistics",249.9,resolved
310,Red Sea Shipping Disruptions,Shipping Crisis,2024-04-18,2026-02-16,Yemen,5,-2.4,16.1,"Telecommunications,Automotive,Construction",84.7,resolved
311,OPEC Supply Reduction,Oil Shock,2020-12-05,2022-10-14,Saudi Arabia,6,-0.4,37.2,"Agriculture,FMCG,Retail",201.6,partial
312,European Energy Crisis,Oil Shock,2022-07-14,2024-05-27,Germany,7,-0.4,21.2,"Electronics,Telecommunications,Construction,Energy",185.5,resolved
313,European Energy Crisis,Oil Shock,2024-06-01,2024-12-19,Germany,10,-0.8,41.3,"Telecommunications,Retail",169.6,partial
314,Japan Earthquake Supply Shock,Climate Event,2021-05-14,2021-11-11,Japan,8,-3.1,15.3,"Energy,Automotive",203.0,partial
315,Ukraine Conflict,Trade Restriction,2025-08-16,2026-08-01,Russia,7,-2.2,28.4,"Agriculture,Energy,Aerospace",118.6,resolved
316,Suez Canal Blockage,Shipping Crisis,2023-04-12,2023-06-12,Egypt,9,-3.1,32.2,"Logistics,Automotive,Construction,Agriculture",134.8,partial
317,Texas Freeze Energy Crisis,Climate Event,2018-08-10,,USA,9,-0.5,44.5,"Chemicals,Aerospace",40.1,ongoing
318,Ukraine Conflict,Trade Restriction,2018-11-28,2020-04-17,Russia,8,-2.6,35.4,"Telecommunications,Electronics,Pharmaceuticals",46.3,resolved
319,Ukraine Conflict,Trade Restriction,2023-06-29,,Russia,8,-0.2,20.3,"Telecommunications,Aerospace,Pharmaceuticals",14.2,ongoing
320,Global Chip Shortage,Semiconductor Shortage,2022-03-09,2022-03-30,Taiwan,5,-1.4,15.0,"Electronics,Telecommunications",174.9,partial
321,Red Sea Shipping Disruptions,Shipping Crisis,2021-07-02,,Yemen,5,-2.5,16.6,"Logistics,Energy,FMCG,Automotive",183.3,ongoing
322,European Energy Crisis,Oil Shock,2023-11-17,2024-11-03,Germany,7,-0.9,11.6,"Chemicals,Construction",227.2,partial
323,Texas Freeze Energy Crisis,Climate Event,2018-03-20,2018-11-15,USA,9,-1.8,9.9,"Pharmaceuticals,Electronics",179.2,resolved
324,COVID Port Closures,Shipping Crisis,2022-03-17,2024-01-08,China,10,-0.7,6.9,"Electronics,Logistics,Pharmaceuticals,Automotive",33.4,partial
325,China Export Controls,Trade Restriction,2022-04-07,2022-08-18,China,8,-1.3,31.5,"FMCG,Agriculture,Electronics,Energy",71.1,resolved
326,European Energy Crisis,Oil Shock,2019-07-16,2020-09-23,Germany,5,-0.8,24.9,"Pharmaceuticals,Logistics,Automotive,Energy",154.2,resolved
327,OPEC Supply Reduction,Oil Shock,2023-11-13,2024-06-13,Saudi Arabia,8,-0.4,32.5,"FMCG,Electronics,Retail",122.8,resolved
328,Global Chip Shortage,Semiconductor Shortage,2018-01-12,2018-02-01,Taiwan,9,-3.2,33.9,"Telecommunications,Construction,FMCG,Automotive",226.7,resolved
329,Global Chip Shortage,Semiconductor Shortage,2023-02-14,2023-12-21,Taiwan,7,-2.3,32.1,"FMCG,Electronics",109.4,resolved
330,Suez Canal Blockage,Shipping Crisis,2019-01-25,,Egypt,6,-2.4,40.8,"Telecommunications,Pharmaceuticals",239.0,ongoing
331,OPEC Supply Reduction,Oil Shock,2019-01-16,2020-02-08,Saudi Arabia,8,-2.6,20.4,"Aerospace,Pharmaceuticals",213.4,resolved
332,Texas Freeze Energy Crisis,Climate Event,2025-04-11,,USA,8,-0.4,24.3,"Pharmaceuticals,Electronics,FMCG,Automotive",144.4,ongoing
333,China Export Controls,Trade Restriction,2020-01-13,2021-10-06,China,8,-3.1,21.5,"Electronics,Telecommunications,FMCG,Construction",16.3,resolved
334,OPEC Supply Reduction,Oil Shock,2025-05-06,,Saudi Arabia,10,-0.5,25.8,"Retail,Logistics,Telecommunications,Agriculture",173.6,ongoing
335,European Energy Crisis,Oil Shock,2019-01-26,2020-04-20,Germany,6,-0.6,27.3,"Chemicals,Telecommunications,Aerospace",247.0,resolved
336,COVID Port Closures,Shipping Crisis,2018-02-17,2019-12-14,China,8,-2.4,18.2,"Construction,FMCG,Automotive",73.1,partial
337,Japan Earthquake Supply Shock,Climate Event,2020-07-01,2022-01-22,Japan,8,-0.8,22.9,"Automotive,Construction",214.9,resolved
338,China Export Controls,Trade Restriction,2021-07-18,2021-11-23,China,5,-1.6,5.0,"Electronics,Automotive,Aerospace,Logistics",27.3,partial
339,European Energy Crisis,Oil Shock,2024-12-10,2026-09-30,Germany,7,-0.7,37.7,"Agriculture,Telecommunications,Construction,Chemicals",211.9,partial
340,Red Sea Shipping Disruptions,Shipping Crisis,2024-04-13,2026-01-14,Yemen,10,-2.7,18.7,"Chemicals,Construction,Automotive,Logistics",208.3,partial
341,OPEC Supply Reduction,Oil Shock,2024-02-22,2025-08-16,Saudi Arabia,6,-0.7,34.7,"FMCG,Construction",105.3,resolved
342,OPEC Supply Reduction,Oil Shock,2024-11-07,2025-06-02,Saudi Arabia,10,-2.4,35.3,"Construction,Agriculture",16.4,resolved
343,European Energy Crisis,Oil Shock,2019-05-20,2020-08-30,Germany,10,-3.3,42.4,"FMCG,Construction,Electronics,Retail",210.5,partial
344,China Export Controls,Trade Restriction,2023-09-14,2024-03-20,China,9,-0.5,21.7,"FMCG,Automotive,Aerospace,Chemicals",154.2,resolved
345,Global Chip Shortage,Semiconductor Shortage,2021-01-25,2022-03-15,Taiwan,9,-1.1,34.9,"FMCG,Pharmaceuticals,Aerospace",78.2,resolved
346,Japan Earthquake Supply Shock,Climate Event,2021-07-09,2023-02-02,Japan,10,-2.3,31.9,"Logistics,Energy",245.4,resolved
347,Ukraine Conflict,Trade Restriction,2023-08-26,2025-03-10,Russia,9,-1.6,31.7,"Automotive,Chemicals,Retail,Construction",107.3,resolved
348,Japan Earthquake Supply Shock,Climate Event,2021-03-17,2022-05-30,Japan,6,-3.3,7.3,"Electronics,Aerospace",70.4,partial
349,Ukraine Conflict,Trade Restriction,2021-03-19,,Russia,6,-0.9,6.3,"Pharmaceuticals,Energy",204.4,ongoing
350,Suez Canal Blockage,Shipping Crisis,2024-11-28,2026-10-27,Egypt,9,-0.8,37.0,"Telecommunications,Retail,Aerospace,Agriculture",75.5,resolved
351,Supply Chain Event 351,Shipping Crisis,2022-06-14,2022-07-13,Brazil,9,-3.8,37.4,"Logistics,Construction",249.2,partial
352,Supply Chain Event 352,Climate Event,2025-03-22,2026-02-14,Vietnam,10,-3.2,36.5,"Energy,Construction",54.1,partial
353,Supply Chain Event 353,Currency Volatility,2022-08-28,2022-10-10,Indonesia,2,-2.5,22.0,"FMCG,Pharmaceuticals,Logistics",254.0,resolved
354,Supply Chain Event 354,Oil Shock,2015-01-24,2015-07-17,Japan,6,-1.7,38.9,"Construction,Logistics,Retail",108.1,resolved
355,Supply Chain Event 355,Semiconductor Shortage,2023-10-17,2024-10-18,Indonesia,2,-0.9,8.8,"Automotive,Chemicals,Agriculture,Logistics",199.3,resolved
356,Supply Chain Event 356,Climate Event,2018-09-18,2019-03-26,China,2,-1.4,22.8,"Electronics,Telecommunications",265.8,partial
357,Supply Chain Event 357,Shipping Crisis,2019-04-12,2020-07-28,Ukraine,9,-1.2,2.2,"Retail,Pharmaceuticals,Construction",146.6,resolved
358,Supply Chain Event 358,Climate Event,2018-04-29,2019-08-06,Russia,2,-3.3,47.9,Telecommunications,20.6,partial
359,Supply Chain Event 359,Oil Shock,2022-07-08,2023-05-31,Saudi Arabia,9,-0.8,44.1,"Telecommunications,Automotive,FMCG,Electronics",138.3,partial
360,Supply Chain Event 360,Oil Shock,2018-09-20,,Germany,5,-1.8,29.2,"Energy,Aerospace",117.0,ongoing
361,Supply Chain Event 361,Shipping Crisis,2022-01-25,2022-08-25,India,9,-4.0,36.3,Pharmaceuticals,176.1,resolved
362,Supply Chain Event 362,Climate Event,2022-11-10,,India,5,-0.9,15.8,Energy,229.8,ongoing
363,Supply Chain Event 363,Shipping Crisis,2019-11-28,2020-06-15,Germany,9,-3.1,37.6,"Telecommunications,FMCG,Energy",203.5,resolved
364,Supply Chain Event 364,Oil Shock,2025-04-02,2026-08-14,Vietnam,9,-3.4,3.0,"Retail,Pharmaceuticals,Automotive,Energy",63.8,partial
365,Supply Chain Event 365,Shipping Crisis,2023-04-25,2024-08-04,Indonesia,3,-3.4,11.8,"Agriculture,Automotive,FMCG",201.6,resolved
366,Supply Chain Event 366,Climate Event,2021-05-12,,France,9,-3.7,33.9,"Automotive,Agriculture,Logistics",146.7,ongoing
367,Supply Chain Event 367,Oil Shock,2018-09-17,2019-03-23,Egypt,10,-3.7,10.5,"Construction,Chemicals,Logistics,Energy",208.3,resolved
368,Supply Chain Event 368,Shipping Crisis,2016-09-16,2017-07-07,Germany,1,-2.8,39.5,"Energy,Chemicals,FMCG,Telecommunications",263.5,partial
369,Supply Chain Event 369,Shipping Crisis,2020-03-10,2020-10-29,Vietnam,2,-3.3,30.7,"FMCG,Retail,Agriculture",79.7,partial
370,Supply Chain Event 370,Oil Shock,2024-12-09,,China,9,-1.5,40.8,"Logistics,Agriculture,Electronics,Retail",78.9,ongoing
371,Supply Chain Event 371,Trade Restriction,2025-01-09,2025-10-17,Canada,4,-0.5,29.9,"FMCG,Construction,Retail",153.6,resolved
372,Supply Chain Event 372,Climate Event,2019-06-14,2019-12-22,Germany,9,-3.5,8.8,"Pharmaceuticals,Construction",281.8,resolved
373,Supply Chain Event 373,Oil Shock,2015-06-15,2015-10-10,Ukraine,6,-3.1,33.8,"Aerospace,Construction,Telecommunications",264.6,resolved
374,Supply Chain Event 374,Currency Volatility,2015-06-13,2016-05-15,Ukraine,10,-1.9,9.5,"Chemicals,Logistics,Automotive,Retail",76.2,partial
375,Supply Chain Event 375,Trade Restriction,2025-11-28,2027-03-12,Australia,8,-0.9,44.5,Retail,264.7,partial
376,Supply Chain Event 376,Semiconductor Shortage,2019-12-07,2020-03-05,Japan,3,-3.4,30.5,Telecommunications,69.9,partial
377,Supply Chain Event 377,Currency Volatility,2024-02-05,2024-07-28,UK,8,-3.2,8.9,"Electronics,Agriculture,Pharmaceuticals,FMCG",172.5,partial
378,Supply Chain Event 378,Climate Event,2016-10-21,2017-01-02,Japan,1,-3.4,46.2,"Logistics,Pharmaceuticals,Electronics,Energy",284.2,resolved
379,Supply Chain Event 379,Shipping Crisis,2017-06-06,2018-01-26,Germany,4,-0.8,30.4,"Logistics,Telecommunications",153.7,partial
380,Supply Chain Event 380,Climate Event,2016-11-17,2017-11-27,Mexico,2,-3.1,19.9,Electronics,61.5,partial
381,Supply Chain Event 381,Semiconductor Shortage,2024-08-21,2025-12-04,India,3,-2.1,31.1,Retail,151.5,partial
382,Supply Chain Event 382,Climate Event,2016-04-26,2016-06-17,Vietnam,1,-0.5,39.0,"Retail,Aerospace,Chemicals,Electronics",209.6,resolved
383,Supply Chain Event 383,Shipping Crisis,2019-10-24,2020-02-23,Australia,10,-0.9,45.5,Aerospace,41.0,partial
384,Supply Chain Event 384,Trade Restriction,2020-05-08,2021-06-09,Vietnam,7,-3.0,1.3,Logistics,157.2,resolved
385,Supply Chain Event 385,Currency Volatility,2020-10-29,2020-11-06,Brazil,7,-2.6,8.6,"Energy,Retail,Aerospace",169.8,resolved
386,Supply Chain Event 386,Semiconductor Shortage,2021-11-11,2022-04-06,South Korea,9,-0.9,24.6,"Retail,Pharmaceuticals,Construction",76.9,partial
387,Supply Chain Event 387,Currency Volatility,2018-06-10,2019-04-06,Japan,2,-1.1,22.9,"Automotive,Agriculture",153.0,partial
388,Supply Chain Event 388,Semiconductor Shortage,2023-10-25,2024-04-20,Canada,1,-0.9,41.3,"Logistics,Aerospace,Automotive,Pharmaceuticals",79.7,resolved
389,Supply Chain Event 389,Shipping Crisis,2019-02-27,2019-04-13,Indonesia,5,-1.2,30.3,"Telecommunications,Construction",132.3,partial
390,Supply Chain Event 390,Semiconductor Shortage,2017-04-06,2018-06-20,USA,10,-2.0,35.2,"Telecommunications,Electronics",108.6,partial
391,Supply Chain Event 391,Trade Restriction,2022-05-06,2022-05-11,Canada,6,-1.4,20.9,"Retail,Electronics",221.3,resolved
392,Supply Chain Event 392,Trade Restriction,2015-10-09,,Vietnam,10,-2.6,48.2,"Agriculture,Logistics,Pharmaceuticals",137.0,ongoing
393,Supply Chain Event 393,Semiconductor Shortage,2019-07-13,,South Korea,9,-3.6,4.5,"Chemicals,Automotive,Retail",287.1,ongoing
394,Supply Chain Event 394,Currency Volatility,2024-10-28,2025-08-04,France,7,-1.8,38.7,"Construction,Telecommunications,Pharmaceuticals",269.1,partial
395,Supply Chain Event 395,Oil Shock,2024-08-31,2024-09-19,Canada,4,-1.4,12.3,"Aerospace,Chemicals,Retail",161.2,partial
396,Supply Chain Event 396,Oil Shock,2022-11-10,2024-01-15,Canada,6,-3.7,46.6,"Chemicals,Pharmaceuticals,Agriculture,Energy",55.7,partial
397,Supply Chain Event 397,Shipping Crisis,2023-05-15,2024-05-03,Saudi Arabia,4,-1.1,43.8,"Agriculture,Pharmaceuticals",250.6,resolved
398,Supply Chain Event 398,Oil Shock,2024-05-18,2025-04-04,Russia,8,-1.6,38.4,Construction,112.0,resolved
399,Supply Chain Event 399,Shipping Crisis,2018-07-15,2019-03-29,Germany,9,-2.9,11.9,"Electronics,Retail",240.0,partial
400,Supply Chain Event 400,Shipping Crisis,2020-05-13,2021-09-11,Germany,8,-0.2,35.2,"Chemicals,Electronics,Telecommunications,Agriculture",114.4,partial
401,Supply Chain Event 401,Semiconductor Shortage,2016-02-17,2016-08-06,Vietnam,5,-3.1,24.1,"Chemicals,FMCG,Construction",127.8,partial
402,Supply Chain Event 402,Shipping Crisis,2019-09-13,2020-09-10,Ukraine,8,-3.3,7.4,"Automotive,Energy",241.4,partial
403,Supply Chain Event 403,Semiconductor Shortage,2021-03-24,2021-11-05,Japan,8,-0.9,9.7,"FMCG,Telecommunications,Retail,Logistics",216.4,resolved
404,Supply Chain Event 404,Shipping Crisis,2023-10-22,2024-07-02,India,3,-3.8,40.9,"Telecommunications,Automotive,Construction,Chemicals",78.7,resolved
405,Supply Chain Event 405,Trade Restriction,2019-01-15,2019-11-02,China,7,-3.5,43.5,"Logistics,Pharmaceuticals",195.3,partial
406,Supply Chain Event 406,Trade Restriction,2021-01-14,2021-04-18,Brazil,9,-2.1,37.1,Aerospace,184.5,partial
407,Supply Chain Event 407,Currency Volatility,2020-03-14,2021-02-05,Brazil,7,-1.5,29.0,Automotive,49.4,resolved
408,Supply Chain Event 408,Currency Volatility,2017-07-23,2018-01-04,Ukraine,10,-1.5,14.3,"Chemicals,Logistics,Retail,Construction",124.8,partial
409,Supply Chain Event 409,Currency Volatility,2017-01-23,,Taiwan,5,-0.3,35.3,Agriculture,50.9,ongoing
410,Supply Chain Event 410,Shipping Crisis,2016-02-26,,Vietnam,1,-3.9,20.5,Automotive,79.5,ongoing
411,Supply Chain Event 411,Trade Restriction,2016-09-28,2016-11-15,Taiwan,4,-1.1,22.7,"FMCG,Retail",251.7,partial
412,Supply Chain Event 412,Shipping Crisis,2015-04-28,2015-05-20,France,9,-0.4,27.9,"Pharmaceuticals,Retail",53.9,partial
413,Supply Chain Event 413,Climate Event,2021-09-13,2022-05-09,Vietnam,5,-0.5,24.6,"Automotive,Construction",93.1,partial
414,Supply Chain Event 414,Oil Shock,2019-08-16,2020-01-01,Indonesia,3,-2.7,24.0,Pharmaceuticals,276.7,resolved
415,Supply Chain Event 415,Shipping Crisis,2025-08-14,2026-09-09,Egypt,10,-3.1,1.4,"Agriculture,Aerospace,Retail",131.7,resolved
416,Supply Chain Event 416,Shipping Crisis,2017-10-20,2018-01-16,Taiwan,5,-3.7,31.6,"Energy,Telecommunications,Retail",242.8,partial
417,Supply Chain Event 417,Semiconductor Shortage,2019-08-19,2019-11-28,Egypt,2,-1.5,31.3,"Pharmaceuticals,Logistics,Construction",57.1,resolved
418,Supply Chain Event 418,Climate Event,2015-03-21,,China,3,-0.2,14.8,"Pharmaceuticals,Construction",218.4,ongoing
419,Supply Chain Event 419,Semiconductor Shortage,2017-08-11,2017-10-01,Brazil,7,-2.8,40.2,"Construction,Electronics,Chemicals",25.0,partial
420,Supply Chain Event 420,Shipping Crisis,2023-06-02,2024-10-06,Russia,9,-2.2,10.4,"Aerospace,Electronics,Automotive",292.4,partial
421,Supply Chain Event 421,Semiconductor Shortage,2023-01-06,2023-05-18,USA,4,-2.2,38.8,"Construction,Aerospace",204.8,partial
422,Supply Chain Event 422,Currency Volatility,2018-07-02,2019-10-29,Vietnam,9,-3.5,24.6,"Agriculture,Chemicals,Electronics",259.2,resolved
423,Supply Chain Event 423,Trade Restriction,2017-06-11,2017-08-12,China,3,-0.9,29.7,"Agriculture,Electronics,Telecommunications,Construction",206.8,partial
424,Supply Chain Event 424,Semiconductor Shortage,2016-09-26,2017-04-09,UK,2,-1.3,17.6,Electronics,107.3,resolved
425,Supply Chain Event 425,Semiconductor Shortage,2016-09-22,2017-09-21,UK,4,-2.8,28.4,"Construction,Agriculture,Electronics",207.1,resolved
426,Supply Chain Event 426,Shipping Crisis,2019-01-07,2020-01-17,France,9,-2.9,35.2,"Logistics,FMCG",163.5,resolved
427,Supply Chain Event 427,Oil Shock,2018-08-18,2019-09-01,Indonesia,3,-2.2,41.2,"Construction,Electronics,Retail",114.3,resolved
428,Supply Chain Event 428,Trade Restriction,2017-01-29,,Taiwan,6,-1.2,33.3,"Agriculture,Retail,Construction,Telecommunications",47.1,ongoing
429,Supply Chain Event 429,Oil Shock,2018-03-05,2018-08-22,India,9,-1.4,3.1,"FMCG,Electronics",61.4,partial
430,Supply Chain Event 430,Climate Event,2020-06-11,,Canada,8,-1.9,35.4,"Electronics,Chemicals,Agriculture",182.2,ongoing
431,Supply Chain Event 431,Currency Volatility,2015-10-18,2015-10-29,UK,2,-2.2,32.3,"Retail,Aerospace,Chemicals",238.5,resolved
432,Supply Chain Event 432,Currency Volatility,2015-08-27,2016-10-26,Russia,5,-3.7,11.6,Automotive,217.8,resolved
433,Supply Chain Event 433,Climate Event,2020-12-17,2021-07-07,Germany,9,-1.1,21.3,Telecommunications,173.4,resolved
434,Supply Chain Event 434,Oil Shock,2022-07-25,2023-03-21,Germany,3,-1.9,25.7,"Retail,Logistics",133.5,partial
435,Supply Chain Event 435,Trade Restriction,2018-12-14,2020-03-25,South Korea,7,-0.8,16.8,"Logistics,Retail",65.0,partial
436,Supply Chain Event 436,Trade Restriction,2023-08-03,2024-05-15,France,8,-0.3,1.0,Energy,179.1,partial
437,Supply Chain Event 437,Oil Shock,2020-10-21,2021-01-03,Egypt,4,-3.2,16.4,"Retail,Pharmaceuticals,Telecommunications",171.6,partial
438,Supply Chain Event 438,Shipping Crisis,2021-05-30,,Australia,3,-3.5,19.0,"Agriculture,Energy",243.5,ongoing
439,Supply Chain Event 439,Currency Volatility,2016-01-12,2016-11-04,Russia,6,-0.9,9.5,Logistics,193.0,resolved
440,Supply Chain Event 440,Oil Shock,2015-06-03,2016-06-16,USA,6,-2.6,41.0,"Automotive,Agriculture,Logistics,Electronics",190.5,partial
441,Supply Chain Event 441,Climate Event,2022-02-02,,USA,6,-1.9,8.3,"FMCG,Electronics",202.4,ongoing
442,Supply Chain Event 442,Semiconductor Shortage,2019-05-29,2020-01-17,South Korea,5,-0.9,8.3,"Automotive,Construction,Logistics",223.8,resolved
443,Supply Chain Event 443,Climate Event,2021-02-23,2021-09-20,South Korea,3,-1.0,24.6,"Construction,Aerospace",196.0,partial
444,Supply Chain Event 444,Semiconductor Shortage,2017-03-14,2017-12-31,Russia,5,-1.0,16.8,Automotive,201.9,resolved
445,Supply Chain Event 445,Trade Restriction,2019-10-01,2020-04-10,China,5,-3.3,18.1,"Logistics,FMCG,Construction,Electronics",277.3,partial
446,Supply Chain Event 446,Currency Volatility,2017-08-14,2017-11-29,Russia,2,-1.1,12.9,"Energy,Electronics",103.6,resolved
447,Supply Chain Event 447,Oil Shock,2024-01-08,2024-03-09,Brazil,4,-1.1,11.4,"Retail,Construction,Logistics",219.2,partial
448,Supply Chain Event 448,Shipping Crisis,2016-08-01,2017-07-27,Mexico,9,-3.8,9.3,"Agriculture,Logistics,Energy",16.9,resolved
449,Supply Chain Event 449,Shipping Crisis,2022-05-05,,Ukraine,6,-0.6,1.9,"Agriculture,Aerospace,Retail,Automotive",271.3,ongoing
450,Supply Chain Event 450,Semiconductor Shortage,2020-06-08,2021-08-30,Saudi Arabia,9,-0.2,28.5,Electronics,75.0,resolved
451,Supply Chain Event 451,Currency Volatility,2020-12-08,2021-05-18,Germany,1,-2.6,18.2,"Agriculture,Retail,Energy",243.8,partial
452,Supply Chain Event 452,Climate Event,2022-01-07,2022-05-23,Ukraine,4,-3.4,45.0,"Automotive,Aerospace",156.7,resolved
453,Supply Chain Event 453,Shipping Crisis,2022-08-09,2023-06-23,Taiwan,10,-3.4,48.6,"Construction,Retail,FMCG",62.8,resolved
454,Supply Chain Event 454,Semiconductor Shortage,2016-07-21,2017-05-19,Egypt,9,-0.5,22.1,"Telecommunications,Logistics",275.2,resolved
455,Supply Chain Event 455,Semiconductor Shortage,2018-07-24,2018-09-01,Brazil,3,-1.2,38.5,"Aerospace,Energy,Construction,Telecommunications",46.4,resolved
456,Supply Chain Event 456,Climate Event,2017-02-08,2017-04-08,Ukraine,10,-1.8,12.3,"Agriculture,Telecommunications",8.8,resolved
457,Supply Chain Event 457,Climate Event,2015-11-22,2016-11-13,UK,6,-3.3,20.0,"FMCG,Pharmaceuticals,Agriculture,Logistics",10.6,resolved
458,Supply Chain Event 458,Semiconductor Shortage,2023-07-29,2023-08-10,Saudi Arabia,4,-3.7,46.4,"Logistics,Construction,Chemicals,Telecommunications",266.4,partial
459,Supply Chain Event 459,Currency Volatility,2019-10-18,2020-05-17,Brazil,7,-1.6,37.4,Retail,33.7,partial
460,Supply Chain Event 460,Climate Event,2020-02-15,2021-04-18,Vietnam,7,-0.2,2.9,"Retail,Telecommunications,Electronics,Agriculture",88.1,resolved
461,Supply Chain Event 461,Shipping Crisis,2019-06-19,2020-09-18,Germany,7,-2.9,46.0,"Construction,Telecommunications",136.1,partial
462,Supply Chain Event 462,Shipping Crisis,2023-02-07,2023-10-26,South Korea,6,-2.2,9.8,"Construction,Automotive",75.8,resolved
463,Supply Chain Event 463,Currency Volatility,2022-10-04,2023-09-06,India,2,-3.6,23.0,"Automotive,Retail,Aerospace",218.3,resolved
464,Supply Chain Event 464,Shipping Crisis,2025-12-08,2026-08-31,Vietnam,7,-3.8,9.4,"Logistics,Telecommunications,FMCG",49.5,resolved
465,Supply Chain Event 465,Shipping Crisis,2016-08-15,2016-11-19,Egypt,5,-1.2,48.1,"Telecommunications,FMCG,Automotive",269.7,resolved
466,Supply Chain Event 466,Trade Restriction,2025-10-08,,China,8,-2.1,25.4,Logistics,264.9,ongoing
467,Supply Chain Event 467,Shipping Crisis,2017-09-01,2017-12-26,South Korea,8,-3.7,30.4,"Retail,Energy",186.3,partial
468,Supply Chain Event 468,Semiconductor Shortage,2021-04-02,2022-05-31,Japan,1,-1.5,2.8,Telecommunications,173.8,resolved
469,Supply Chain Event 469,Oil Shock,2021-10-07,2022-03-13,India,7,-0.1,8.9,"Logistics,Telecommunications,Pharmaceuticals",172.1,resolved
470,Supply Chain Event 470,Oil Shock,2021-04-21,2021-07-25,Russia,5,-2.7,45.0,Aerospace,253.1,partial
471,Supply Chain Event 471,Currency Volatility,2015-09-23,2016-02-24,Ukraine,6,-1.9,26.7,"Logistics,Electronics",33.7,resolved
472,Supply Chain Event 472,Shipping Crisis,2023-03-08,2024-01-29,Egypt,7,-1.6,16.5,"FMCG,Logistics,Telecommunications",149.4,resolved
473,Supply Chain Event 473,Climate Event,2023-03-06,2024-01-28,Taiwan,5,-0.2,1.1,Construction,188.0,resolved
474,Supply Chain Event 474,Shipping Crisis,2016-04-28,2017-05-15,USA,6,-2.6,40.5,"Electronics,Telecommunications",61.2,partial
475,Supply Chain Event 475,Trade Restriction,2018-02-27,2018-07-12,Indonesia,9,-2.7,1.3,"Chemicals,Aerospace,Logistics",185.2,partial
476,Supply Chain Event 476,Trade Restriction,2015-04-30,2016-07-04,UK,8,-0.9,32.6,"FMCG,Telecommunications,Construction,Retail",268.9,partial
477,Supply Chain Event 477,Climate Event,2020-03-09,2021-04-19,Egypt,10,-1.2,16.5,Agriculture,173.6,resolved
478,Supply Chain Event 478,Oil Shock,2018-09-20,2019-11-08,Japan,5,-0.7,17.6,"Telecommunications,Retail,FMCG,Aerospace",57.0,partial
479,Supply Chain Event 479,Currency Volatility,2016-04-23,2017-07-14,Brazil,1,-2.9,5.3,"Chemicals,Construction",249.0,partial
480,Supply Chain Event 480,Oil Shock,2018-05-24,2018-09-16,Australia,1,-1.0,45.8,"Retail,Electronics,Construction,Pharmaceuticals",47.1,resolved
481,Supply Chain Event 481,Trade Restriction,2018-10-25,2020-02-14,Japan,2,-0.8,47.0,"Agriculture,Electronics",138.4,partial
482,Supply Chain Event 482,Trade Restriction,2023-01-02,2024-03-24,USA,10,-0.6,17.3,Automotive,156.7,resolved
483,Supply Chain Event 483,Currency Volatility,2022-05-23,2023-06-13,Saudi Arabia,6,-3.2,15.0,"Construction,Telecommunications,Automotive",82.5,partial
484,Supply Chain Event 484,Semiconductor Shortage,2016-10-07,2017-03-01,Vietnam,6,-1.9,14.3,"Logistics,Agriculture,FMCG",22.3,resolved
485,Supply Chain Event 485,Oil Shock,2021-11-16,2023-02-20,Japan,1,-2.2,34.1,Aerospace,17.1,partial
486,Supply Chain Event 486,Climate Event,2019-10-13,2020-05-05,Australia,5,-2.7,10.7,Construction,170.8,partial
487,Supply Chain Event 487,Oil Shock,2016-01-16,2017-03-12,France,5,-1.3,35.8,"Construction,Agriculture,Telecommunications,FMCG",258.5,partial
488,Supply Chain Event 488,Semiconductor Shortage,2021-12-01,2022-04-17,Brazil,6,-2.2,2.5,"Automotive,Chemicals,Construction,Logistics",253.9,partial
489,Supply Chain Event 489,Climate Event,2018-03-02,2019-04-04,India,7,-0.8,40.0,"Retail,Telecommunications,Automotive",237.9,resolved
490,Supply Chain Event 490,Semiconductor Shortage,2020-12-22,2021-08-20,Taiwan,9,-3.4,24.6,Chemicals,63.3,partial
491,Supply Chain Event 491,Climate Event,2022-10-13,2023-08-16,Brazil,9,-1.3,9.5,Pharmaceuticals,279.3,partial
492,Supply Chain Event 492,Trade Restriction,2021-06-09,2022-08-16,Vietnam,2,-0.8,9.6,"Automotive,Logistics,Pharmaceuticals,Aerospace",98.9,partial
493,Supply Chain Event 493,Semiconductor Shortage,2022-03-26,,Japan,10,-0.5,32.2,FMCG,198.6,ongoing
494,Supply Chain Event 494,Semiconductor Shortage,2020-01-30,2020-11-02,Saudi Arabia,6,-2.8,39.9,"Aerospace,Chemicals,Automotive",175.2,partial
495,Supply Chain Event 495,Trade Restriction,2021-11-09,2022-08-02,USA,6,-0.5,48.4,Pharmaceuticals,168.4,resolved
496,Supply Chain Event 496,Semiconductor Shortage,2019-01-11,2019-03-13,South Korea,10,-2.5,16.6,"Aerospace,Pharmaceuticals,Telecommunications,Retail",64.2,resolved
497,Supply Chain Event 497,Trade Restriction,2016-12-11,2017-08-16,South Korea,3,-2.9,43.8,"FMCG,Electronics",22.5,partial
498,Supply Chain Event 498,Currency Volatility,2015-03-06,2015-05-23,South Korea,3,-3.7,32.5,"Construction,Logistics,Aerospace,FMCG",136.9,partial
499,Supply Chain Event 499,Trade Restriction,2019-10-04,2020-07-17,Taiwan,3,-2.3,1.4,"Pharmaceuticals,Agriculture,Retail,Energy",123.8,partial
500,Supply Chain Event 500,Climate Event,2021-02-15,2021-12-12,UK,6,-3.6,24.6,FMCG,219.3,resolved
