date,sector,shock_type_active,sector_return_pct,volatility_index,trading_volume_norm,analyst_rating,supply_chain_exposure,risk_adjusted_score
2025-03-04,EV,Oil Shock,-10.2,27,2.34,sell,high,27
2024-02-12,EV,Climate Event,-18.81,37,1.08,sell,medium,37
2018-04-19,Telecom,Currency Volatility,1.8,38,1.62,hold,high,54
2018-01-27,Banking,Currency Volatility,-8.89,37,2.89,hold,medium,56
2019-02-23,EV,Shipping Crisis,13.9,87,1.16,buy,low,82
2026-03-08,Semiconductor,Climate Event,-16.85,47,2.57,sell,low,84
2022-01-21,Telecom,Currency Volatility,6.45,47,2.96,buy,low,62
2019-02-18,Logistics,Trade Restriction,13.36,30,1.43,buy,medium,75
2025-07-08,FMCG,Currency Volatility,-17.14,91,0.93,sell,high,51
2020-09-29,Banking,Shipping Crisis,19.58,91,2.22,buy,medium,52
2025-09-05,Electronics,Oil Shock,12.2,61,1.17,buy,low,62
2024-05-12,Electronics,Semiconductor Shortage,-4.17,92,1.65,hold,high,41
2019-07-26,Telecom,Currency Volatility,-9.49,84,1.57,sell,high,44
2022-06-24,Electronics,Semiconductor Shortage,-0.26,16,2.65,buy,low,92
2025-01-14,Banking,Currency Volatility,-17.46,58,1.99,hold,medium,73
2023-12-08,FMCG,Climate Event,7.27,78,2.38,sell,low,67
2021-10-25,EV,Trade Restriction,-1.85,43,2.93,buy,medium,45
2023-09-11,EV,Currency Volatility,0.31,35,0.88,buy,medium,75
2024-01-19,Energy,Climate Event,-19.22,56,2.7,hold,medium,66
2020-09-07,Energy,Semiconductor Shortage,-16.57,72,2.54,sell,high,15
2019-05-31,Banking,Currency Volatility,-13.39,77,2.68,hold,medium,70
2020-05-17,Telecom,Currency Volatility,19.81,93,1.43,sell,medium,60
2023-01-24,EV,Semiconductor Shortage,-6.48,85,1.88,sell,low,64
2020-06-21,Energy,Oil Shock,-17.65,18,2.76,hold,high,50
2018-10-18,Telecom,Trade Restriction,-11.43,26,2.31,sell,high,41
2024-06-18,Semiconductor,Semiconductor Shortage,-12.38,22,2.15,hold,medium,61
2022-10-01,Logistics,Shipping Crisis,6.93,92,0.75,hold,high,13
2026-03-02,Electronics,Oil Shock,-12.39,67,0.85,buy,low,72
2021-02-14,Semiconductor,Semiconductor Shortage,12.32,80,0.74,sell,low,88
2024-01-24,Energy,Oil Shock,-3.74,71,1.03,hold,low,70
2018-08-29,Banking,Shipping Crisis,-9.39,68,1.21,sell,low,84
2026-03-12,Semiconductor,Semiconductor Shortage,-11.29,17,1.95,sell,low,78
2018-09-07,Electronics,Oil Shock,0.11,77,0.89,sell,low,90
2018-11-25,Banking,Oil Shock,7.01,40,1.51,sell,high,14
2020-10-05,Energy,Climate Event,6.29,82,1.81,hold,low,86
2020-04-16,Electronics,Semiconductor Shortage,-14.76,92,1.25,hold,medium,60
2018-10-25,Energy,Shipping Crisis,19.84,19,1.84,sell,high,46
2020-12-22,Banking,Trade Restriction,-5.22,30,1.6,sell,low,75
2025-11-21,FMCG,Climate Event,-19.69,80,1.25,sell,high,43
2019-03-01,Banking,Trade Restriction,9.7,29,1.18,sell,low,66
2020-05-12,Electronics,Semiconductor Shortage,14.12,74,1.72,buy,high,50
2019-01-14,Logistics,Trade Restriction,-6.66,26,2.09,hold,low,60
2019-10-24,Semiconductor,Climate Event,2.44,24,0.69,sell,high,37
2019-09-03,Energy,Trade Restriction,-14.08,26,0.6,hold,high,45
2018-06-13,Electronics,Semiconductor Shortage,6.68,55,2.45,hold,high,25
2024-12-17,Banking,Semiconductor Shortage,15.26,13,0.95,hold,low,71
2022-08-14,Telecom,Trade Restriction,-4.7,14,2.65,buy,low,66
2020-03-28,Semiconductor,Trade Restriction,-11.08,94,0.98,hold,medium,49
2021-02-15,EV,Trade Restriction,0.38,78,1.33,buy,medium,76
2019-04-18,FMCG,Semiconductor Shortage,-18.47,86,1.59,sell,high,26
2021-07-08,Logistics,Climate Event,-4.59,83,0.98,buy,high,17
2025-12-13,Logistics,Oil Shock,7.47,95,0.99,hold,high,44
2018-10-14,Electronics,Climate Event,13.92,48,1.77,sell,medium,77
2022-07-31,Electronics,Shipping Crisis,2.18,34,1.55,hold,high,28
2025-08-06,Banking,Climate Event,-3.76,10,1.26,buy,high,29
2022-10-27,Electronics,Shipping Crisis,7.03,75,1.68,sell,medium,63
2019-11-27,EV,Trade Restriction,5.32,52,0.73,buy,high,52
2025-07-18,FMCG,Semiconductor Shortage,-19.02,41,2.96,sell,low,69
2018-10-26,Semiconductor,Shipping Crisis,-12.22,59,1.74,buy,high,46
2019-08-28,Energy,Oil Shock,-12.96,76,1.66,sell,medium,49
2020-10-17,EV,Shipping Crisis,6.7,81,1.99,hold,low,89
2024-11-14,Logistics,Climate Event,9.75,70,1.63,buy,medium,45
2025-02-24,FMCG,Climate Event,-10.43,66,0.69,hold,medium,75
2020-08-18,FMCG,Trade Restriction,-16.78,29,1.08,sell,medium,69
2019-09-18,Telecom,Oil Shock,-6.76,69,1.54,buy,medium,61
2022-09-17,Logistics,Climate Event,14.27,83,1.45,buy,high,11
2021-12-11,FMCG,Shipping Crisis,9.9,79,2.5,buy,medium,69
2023-06-23,Telecom,Trade Restriction,-18.84,53,2.17,hold,medium,66
2026-02-14,Banking,Shipping Crisis,-18.92,60,1.98,sell,low,94
2018-04-22,EV,Currency Volatility,14.67,33,0.63,hold,medium,43
2021-09-02,Telecom,Shipping Crisis,10.45,58,1.2,hold,medium,56
2020-10-30,EV,Shipping Crisis,-17.92,54,1.06,buy,low,94
2025-04-23,Energy,Oil Shock,13.57,89,0.88,buy,low,72
2023-04-24,EV,Climate Event,7.98,57,0.92,sell,low,89
2026-01-21,EV,Semiconductor Shortage,3.15,49,1.94,hold,medium,41
2022-06-13,Telecom,Oil Shock,13.22,41,0.75,hold,high,54
2025-09-03,EV,Climate Event,1.31,94,1.43,sell,low,82
2025-04-06,Electronics,Oil Shock,-15.78,56,2.09,hold,medium,66
2025-12-07,Banking,Shipping Crisis,18.62,44,2.04,sell,low,93
2023-06-04,Semiconductor,Shipping Crisis,-9.26,41,2.58,buy,high,47
2021-02-16,Semiconductor,Semiconductor Shortage,4.41,58,1.34,hold,medium,71
2021-08-24,Banking,Shipping Crisis,11.91,53,1.2,sell,low,82
2025-11-12,FMCG,Climate Event,17.92,20,1.1,hold,low,93
2023-06-25,Telecom,Currency Volatility,8.47,67,2.48,buy,medium,76
2021-04-20,Telecom,Shipping Crisis,-7.75,84,1.42,sell,high,25
2023-12-15,Electronics,Shipping Crisis,-6.77,68,1.18,hold,high,45
2020-08-02,EV,Currency Volatility,-15.22,78,2.88,sell,low,80
2020-01-29,Telecom,Semiconductor Shortage,-8.94,85,2.94,sell,high,40
2024-09-10,FMCG,Oil Shock,-10.9,32,1.26,sell,low,78
2023-12-28,Banking,Trade Restriction,2.13,26,2.09,hold,low,63
2019-02-25,Energy,Climate Event,-0.85,53,0.96,buy,medium,65
2020-10-31,Semiconductor,Oil Shock,-0.33,83,2.07,buy,low,85
2019-09-14,Banking,Climate Event,19.76,25,1.9,hold,medium,40
2024-10-19,Telecom,Climate Event,16.34,48,2.65,hold,medium,63
2021-06-04,Energy,Climate Event,17.9,36,2.06,hold,high,16
2025-05-29,EV,Semiconductor Shortage,2.08,30,0.51,hold,low,71
2025-09-24,Semiconductor,Trade Restriction,-8.48,46,2.26,hold,low,74
2018-10-19,Telecom,Trade Restriction,6.45,35,1.56,sell,high,47
2020-07-09,Banking,Trade Restriction,-17.61,49,1.99,sell,low,64
2021-03-28,Semiconductor,Oil Shock,-7.84,61,2.86,sell,medium,79
2024-01-21,Semiconductor,Shipping Crisis,15.58,51,2.01,buy,low,62
2019-01-10,Telecom,Currency Volatility,18.03,44,1.94,buy,high,47
2023-04-12,Semiconductor,Trade Restriction,5.39,72,2.92,hold,low,87
2021-11-26,Logistics,Trade Restriction,-15.82,30,1.32,sell,medium,77
2023-07-23,FMCG,Currency Volatility,-18.53,21,1.29,hold,medium,70
2019-04-20,Logistics,Climate Event,-1.52,16,0.97,hold,low,94
2024-12-25,Semiconductor,Currency Volatility,-11.86,80,0.83,hold,medium,38
2022-11-30,Semiconductor,Oil Shock,8.39,49,1.88,sell,low,75
2022-07-30,EV,Semiconductor Shortage,17.88,92,2.58,hold,low,89
2026-01-14,FMCG,Climate Event,-3.38,71,2.95,buy,high,27
2023-02-14,Banking,Shipping Crisis,9.85,27,2.66,hold,low,92
2022-08-27,Electronics,Climate Event,-8.69,48,2.59,sell,medium,35
2025-05-27,Semiconductor,Semiconductor Shortage,-0.63,52,1.88,sell,medium,69
2022-03-26,Semiconductor,Trade Restriction,2.87,39,2.64,hold,low,75
2018-06-28,Electronics,Currency Volatility,16.54,58,1.47,sell,medium,80
2025-04-24,Banking,Shipping Crisis,0.09,85,1.33,buy,low,68
2022-12-09,EV,Climate Event,8.9,62,2.68,buy,medium,35
2018-11-03,Semiconductor,Trade Restriction,7.71,93,0.7,hold,medium,74
2025-07-25,Logistics,Trade Restriction,15.5,72,2.68,buy,high,55
2024-12-04,EV,Semiconductor Shortage,16.84,39,2.37,hold,high,53
2019-02-08,EV,Shipping Crisis,16.14,15,1.31,buy,low,79
2021-04-16,Electronics,Trade Restriction,-10.23,62,1.91,buy,medium,44
2019-11-28,Banking,Oil Shock,4.79,40,1.74,sell,high,34
2019-08-10,Telecom,Shipping Crisis,-1.62,95,0.52,hold,high,26
2021-03-24,Banking,Oil Shock,19.51,48,2.1,hold,medium,57
2025-09-28,FMCG,Shipping Crisis,19.97,71,0.77,hold,medium,47
2024-05-31,Electronics,Climate Event,-8.19,94,1.49,buy,medium,79
2024-05-07,Energy,Climate Event,13.31,46,2.44,buy,high,41
2024-10-22,Electronics,Semiconductor Shortage,4.84,94,2.2,buy,high,22
2025-01-17,EV,Currency Volatility,-7.64,66,0.58,hold,high,12
2026-03-19,Banking,Oil Shock,9.9,32,1.0,sell,medium,55
2022-02-07,FMCG,Semiconductor Shortage,18.7,47,2.37,hold,medium,65
2019-04-17,Semiconductor,Oil Shock,14.41,60,2.92,sell,low,74
2022-02-07,EV,Shipping Crisis,1.46,68,1.42,sell,low,76
2025-07-16,FMCG,Climate Event,17.61,23,2.19,hold,medium,75
2018-04-13,Electronics,Climate Event,5.42,69,2.77,hold,low,64
2025-04-13,Logistics,Oil Shock,17.85,48,2.99,buy,low,62
2019-02-03,Telecom,Climate Event,-1.85,95,2.87,sell,low,84
2024-01-22,Logistics,Climate Event,-13.82,63,2.14,hold,high,56
2024-11-26,Logistics,Trade Restriction,-11.31,66,2.88,hold,low,83
2019-02-11,Electronics,Climate Event,-17.58,45,0.97,buy,high,32
2023-02-06,EV,Currency Volatility,-17.98,52,1.11,buy,low,61
2024-05-01,Telecom,Oil Shock,3.46,39,1.32,buy,high,23
2024-09-07,Energy,Trade Restriction,1.61,32,0.77,buy,low,68
2019-06-24,Energy,Trade Restriction,-19.37,43,0.63,sell,low,80
2022-09-21,EV,Currency Volatility,-2.07,56,1.78,buy,low,90
2023-01-26,Telecom,Climate Event,-7.93,92,2.91,buy,low,93
2023-05-16,Logistics,Shipping Crisis,-0.39,66,0.68,buy,high,16
2021-08-12,Banking,Oil Shock,4.97,84,1.87,hold,low,77
2022-04-10,FMCG,Shipping Crisis,-2.79,24,2.63,sell,high,48
2024-03-08,Telecom,Shipping Crisis,-3.45,68,1.5,sell,medium,49
2019-01-25,Electronics,Shipping Crisis,-9.8,29,2.22,hold,medium,77
2018-10-02,EV,Oil Shock,-16.14,57,2.53,sell,low,87
2018-09-03,Electronics,Currency Volatility,-5.86,95,2.85,hold,low,86
2026-02-01,Energy,Trade Restriction,-5.93,83,1.77,buy,high,29
2025-05-13,Semiconductor,Semiconductor Shortage,13.81,57,0.79,hold,low,82
2024-06-09,Telecom,Shipping Crisis,12.74,88,2.19,sell,high,59
2018-04-18,FMCG,Oil Shock,8.11,49,2.8,hold,low,77
2018-01-26,Banking,Semiconductor Shortage,-3.97,28,2.35,buy,high,52
2019-01-11,Telecom,Shipping Crisis,-6.36,57,1.28,hold,medium,64
2024-05-13,EV,Oil Shock,10.18,16,2.18,hold,low,70
2022-12-20,Logistics,Shipping Crisis,-3.43,37,2.39,buy,high,38
2021-11-14,Logistics,Oil Shock,7.14,72,1.82,hold,medium,78
2018-07-06,Telecom,Shipping Crisis,-19.69,48,2.86,buy,high,13
2020-11-12,FMCG,Trade Restriction,-0.1,65,0.94,hold,low,60
2023-12-22,Telecom,Climate Event,12.25,19,1.49,sell,high,52
2018-06-23,Logistics,Oil Shock,14.48,83,1.57,hold,medium,39
2025-12-16,Logistics,Trade Restriction,-19.17,51,0.93,sell,low,85
2023-02-28,Electronics,Oil Shock,-10.27,85,1.5,buy,medium,41
2022-06-10,FMCG,Currency Volatility,-6.68,31,0.69,sell,medium,49
2019-04-13,Telecom,Trade Restriction,12.6,40,0.76,hold,medium,76
2020-03-19,Banking,Climate Event,-12.91,90,1.74,sell,low,64
2024-07-01,Semiconductor,Currency Volatility,5.41,89,1.31,sell,high,51
2021-07-18,Banking,Shipping Crisis,-2.31,48,2.49,sell,low,90
2018-08-19,Electronics,Climate Event,-1.53,14,0.64,hold,low,79
2018-11-11,EV,Climate Event,-4.62,84,1.89,sell,high,42
2018-06-18,Semiconductor,Climate Event,-7.14,70,1.75,buy,high,22
2023-01-20,EV,Trade Restriction,0.18,32,0.6,sell,high,15
2022-11-29,Semiconductor,Climate Event,-13.65,57,2.79,hold,high,49
2022-08-02,Electronics,Currency Volatility,11.57,92,1.34,hold,high,13
2019-01-23,Logistics,Trade Restriction,18.58,87,2.68,hold,medium,77
2018-11-30,Banking,Trade Restriction,7.94,60,0.82,sell,medium,76
2018-12-14,FMCG,Climate Event,11.67,26,2.18,sell,medium,76
2025-09-08,EV,Currency Volatility,0.34,12,1.41,buy,high,37
2020-05-27,Electronics,Shipping Crisis,20.0,29,0.69,buy,low,74
2023-09-11,Energy,Currency Volatility,-14.76,58,0.89,buy,medium,74
2025-10-08,Banking,Currency Volatility,-3.57,40,2.92,sell,medium,37
2021-03-13,Semiconductor,Semiconductor Shortage,-7.62,70,2.76,buy,high,25
2022-02-15,Semiconductor,Shipping Crisis,0.12,63,2.92,buy,medium,59
2024-10-12,Banking,Trade Restriction,14.96,80,2.84,sell,low,90
2023-10-15,EV,Trade Restriction,-9.09,75,0.87,hold,low,70
2019-01-11,Telecom,Shipping Crisis,-3.4,60,1.76,buy,medium,36
2022-05-01,EV,Trade Restriction,-7.25,22,2.6,sell,low,61
2021-10-05,Banking,Semiconductor Shortage,16.7,70,2.24,buy,low,78
2025-11-29,Semiconductor,Shipping Crisis,16.23,12,1.14,buy,high,10
2024-02-26,Logistics,Oil Shock,-7.95,16,1.1,sell,medium,50
2024-12-26,Semiconductor,Oil Shock,3.87,12,2.08,sell,low,91
2020-09-17,Banking,Trade Restriction,4.59,40,1.93,buy,medium,35
2025-06-14,EV,Climate Event,18.14,79,1.77,sell,medium,39
2024-03-19,Energy,Shipping Crisis,5.43,57,1.13,buy,medium,37
2022-01-02,EV,Trade Restriction,10.86,52,0.83,hold,low,66
2024-02-15,Electronics,Currency Volatility,19.23,71,2.08,buy,low,89
2018-09-16,Semiconductor,Oil Shock,-18.25,35,2.71,hold,medium,47
2021-06-24,Logistics,Climate Event,-18.54,92,0.98,hold,medium,51
2018-07-15,Electronics,Trade Restriction,-2.52,61,2.36,hold,low,83
2021-10-20,Banking,Shipping Crisis,-5.31,76,1.17,buy,high,41
2026-02-26,Logistics,Oil Shock,19.8,33,1.86,hold,medium,73
2019-02-25,EV,Trade Restriction,-7.74,87,2.29,buy,high,28
2025-09-26,Semiconductor,Trade Restriction,9.07,55,2.04,hold,medium,37
2021-01-29,Energy,Oil Shock,-3.75,75,2.5,sell,high,50
2019-10-18,Energy,Semiconductor Shortage,11.25,14,0.82,buy,high,53
2025-03-27,Electronics,Trade Restriction,-18.7,29,2.2,hold,medium,71
2022-03-04,Semiconductor,Oil Shock,1.18,60,1.29,hold,high,18
2020-10-19,EV,Oil Shock,-0.04,59,2.78,buy,high,21
2020-12-08,FMCG,Currency Volatility,19.85,46,2.23,hold,medium,48
2020-03-30,EV,Semiconductor Shortage,-13.09,66,2.99,sell,low,88
2021-08-02,Electronics,Currency Volatility,1.69,48,2.63,sell,low,95
2025-12-16,Banking,Trade Restriction,-15.15,35,2.48,buy,high,24
2023-07-17,Energy,Trade Restriction,-5.24,80,0.82,buy,high,46
2018-09-27,FMCG,Shipping Crisis,-0.85,62,2.42,sell,high,56
2018-10-30,Banking,Trade Restriction,-2.0,76,1.36,sell,high,14
2025-03-05,Banking,Semiconductor Shortage,16.43,17,2.58,sell,medium,67
2019-09-19,FMCG,Semiconductor Shortage,17.39,38,1.37,sell,low,80
2021-03-09,EV,Trade Restriction,-9.02,90,1.26,sell,low,95
2019-01-18,Banking,Climate Event,-13.15,89,2.3,sell,high,19
2021-10-14,Energy,Oil Shock,17.94,83,1.16,buy,low,62
2024-06-01,Logistics,Climate Event,-0.08,90,1.86,sell,high,11
2021-05-22,Semiconductor,Semiconductor Shortage,-8.1,19,2.22,buy,high,35
2022-12-06,Logistics,Shipping Crisis,-6.39,28,1.28,sell,medium,48
2021-07-31,Electronics,Shipping Crisis,0.6,23,1.3,hold,low,83
2019-05-17,FMCG,Shipping Crisis,-16.13,47,2.86,sell,low,69
2022-09-09,Telecom,Semiconductor Shortage,8.85,34,2.41,hold,medium,71
2023-10-10,Semiconductor,Shipping Crisis,-19.07,60,1.76,buy,medium,66
2020-05-31,Electronics,Oil Shock,-0.2,93,2.18,hold,low,78
2024-01-08,Energy,Oil Shock,15.3,56,2.41,hold,medium,43
2018-07-05,Logistics,Oil Shock,-12.21,80,1.22,hold,high,45
2023-08-28,Semiconductor,Climate Event,7.22,25,0.82,buy,medium,74
2022-06-02,Electronics,Trade Restriction,10.2,35,2.01,hold,high,33
2023-08-11,Energy,Oil Shock,8.54,70,1.8,buy,low,68
2024-10-19,Banking,Trade Restriction,-13.5,88,2.35,hold,high,30
2024-08-28,Electronics,Climate Event,-0.41,82,1.25,buy,high,44
2022-02-17,Electronics,Currency Volatility,3.35,90,0.57,hold,low,86
2020-12-23,Telecom,Currency Volatility,-13.18,90,2.3,hold,low,90
2019-08-29,Telecom,Oil Shock,-15.6,12,1.6,hold,high,54
2019-09-13,Logistics,Currency Volatility,0.07,88,2.8,sell,low,86
2026-02-27,Energy,Currency Volatility,-11.71,51,3.0,hold,low,93
2023-11-23,Logistics,Trade Restriction,16.48,53,1.87,sell,low,89
2026-01-31,FMCG,Climate Event,18.29,45,1.9,buy,medium,47
2021-05-04,FMCG,Currency Volatility,-7.32,54,1.9,sell,low,91
2021-01-25,FMCG,Oil Shock,1.73,60,2.55,buy,high,53
2021-04-04,Energy,Trade Restriction,-6.15,66,2.14,sell,high,15
2023-05-17,Telecom,Semiconductor Shortage,17.32,44,0.84,sell,high,27
2024-07-31,Telecom,Semiconductor Shortage,-10.97,39,0.63,hold,low,93
2021-09-14,Semiconductor,Oil Shock,-14.5,80,2.94,buy,high,59
2022-07-25,Semiconductor,Shipping Crisis,10.24,46,1.3,sell,high,22
2018-08-31,EV,Currency Volatility,1.41,14,2.78,buy,high,24
2022-09-08,Banking,Oil Shock,-12.55,47,2.69,buy,medium,66
2021-05-07,EV,Trade Restriction,19.56,79,1.81,buy,medium,64
2023-08-28,Semiconductor,Trade Restriction,-6.77,68,2.12,sell,low,67
2020-02-02,Energy,Currency Volatility,2.71,34,0.94,sell,medium,53
2022-07-19,Logistics,Climate Event,-3.97,22,0.96,buy,medium,40
2023-05-10,Electronics,Semiconductor Shortage,-4.66,67,2.38,hold,low,76
2021-05-21,Energy,Trade Restriction,7.71,17,2.17,hold,high,33
2021-06-10,Banking,Shipping Crisis,16.92,49,2.23,sell,high,42
2021-04-23,Electronics,Climate Event,18.29,71,0.88,sell,low,74
2024-10-17,Electronics,Shipping Crisis,16.51,78,2.5,buy,high,45
2020-10-10,EV,Climate Event,8.15,19,2.79,buy,medium,68
2018-09-10,Telecom,Climate Event,-13.42,76,1.6,sell,high,19
2020-04-21,Semiconductor,Oil Shock,12.35,68,0.83,hold,high,38
2023-02-15,Energy,Climate Event,12.28,12,1.49,buy,medium,78
2020-06-11,EV,Oil Shock,8.02,79,2.99,buy,medium,57
2023-04-18,Energy,Trade Restriction,10.76,92,2.95,sell,medium,46
2022-09-18,Electronics,Shipping Crisis,-4.97,94,2.69,buy,medium,59
2025-04-30,Electronics,Oil Shock,-4.28,26,2.32,buy,low,94
2018-01-15,Energy,Trade Restriction,8.76,64,1.83,buy,medium,78
2020-10-10,Semiconductor,Trade Restriction,-12.46,24,0.58,sell,low,77
2022-09-14,Energy,Semiconductor Shortage,-15.96,14,1.62,sell,low,64
2025-11-20,Energy,Semiconductor Shortage,-3.91,39,1.85,buy,high,12
2019-07-28,FMCG,Semiconductor Shortage,-7.24,86,2.43,hold,high,46
2020-08-28,FMCG,Semiconductor Shortage,-11.16,48,1.19,sell,high,43
2024-08-20,Banking,Currency Volatility,2.23,16,2.93,sell,high,37
2025-07-12,Logistics,Climate Event,-3.35,29,1.25,buy,medium,79
2024-01-13,Semiconductor,Semiconductor Shortage,14.3,28,2.51,buy,low,79
2024-04-22,Logistics,Shipping Crisis,-14.64,41,1.14,hold,high,43
2025-04-02,EV,Shipping Crisis,1.43,34,0.63,hold,medium,40
2025-07-22,Energy,Oil Shock,-11.32,36,2.67,hold,low,95
2021-05-26,Energy,Semiconductor Shortage,9.88,71,2.79,sell,low,67
2024-10-11,Telecom,Shipping Crisis,-7.14,46,1.45,sell,low,95
2025-04-11,Electronics,Trade Restriction,0.51,73,1.67,sell,medium,58
2023-04-08,Electronics,Semiconductor Shortage,-3.44,82,2.66,sell,medium,55
2019-08-21,Energy,Trade Restriction,3.17,63,1.24,buy,high,47
2021-09-13,Telecom,Shipping Crisis,-0.03,93,2.86,hold,high,25
2020-11-20,Semiconductor,Currency Volatility,-0.38,31,2.33,hold,high,57
2019-11-25,Banking,Currency Volatility,-12.64,79,2.98,buy,high,41
2023-11-17,Energy,Oil Shock,10.57,62,0.84,sell,high,13
2020-08-05,EV,Currency Volatility,-11.25,68,1.43,sell,low,60
2025-02-25,Semiconductor,Currency Volatility,-19.74,80,1.53,buy,medium,36
2023-12-09,FMCG,Climate Event,0.09,65,2.52,buy,medium,36
2019-03-15,EV,Climate Event,-12.32,77,1.13,hold,low,75
2020-12-30,Logistics,Oil Shock,-1.64,41,2.98,buy,medium,60
2021-05-13,EV,Currency Volatility,-18.73,61,1.45,sell,high,58
2023-05-04,Energy,Currency Volatility,-16.69,65,2.11,hold,low,70
2024-05-06,EV,Climate Event,-11.54,82,1.69,buy,low,74
2018-11-01,FMCG,Climate Event,-18.68,50,0.54,buy,high,52
2024-08-01,Banking,Currency Volatility,-8.03,82,1.1,hold,medium,39
2025-08-05,Electronics,Shipping Crisis,11.62,20,1.75,hold,high,18
2018-08-08,EV,Shipping Crisis,-6.38,88,2.89,hold,low,64
2021-08-29,Energy,Currency Volatility,-0.38,55,1.88,hold,medium,63
2022-11-04,Banking,Currency Volatility,-4.8,89,1.24,buy,high,52
2025-12-30,EV,Oil Shock,-4.8,91,0.89,hold,medium,44
2021-07-21,Electronics,Oil Shock,17.72,66,1.4,hold,low,60
2019-02-23,Banking,Oil Shock,-2.05,81,1.78,buy,low,87
2018-04-18,EV,Trade Restriction,3.88,51,2.66,buy,high,15
2021-04-10,Logistics,Shipping Crisis,16.21,41,1.93,buy,low,95
2025-09-08,Logistics,Semiconductor Shortage,-7.95,73,0.86,buy,low,77
2022-11-16,FMCG,Shipping Crisis,11.31,56,1.13,buy,medium,65
2026-01-31,Semiconductor,Climate Event,-1.69,27,1.26,hold,high,22
2021-09-22,Logistics,Trade Restriction,-2.78,93,2.94,buy,medium,56
2021-05-15,Electronics,Climate Event,-0.84,32,2.91,hold,high,22
2021-04-08,Semiconductor,Climate Event,-4.96,60,1.41,sell,low,80
2020-03-29,Banking,Currency Volatility,18.12,69,2.86,buy,high,11
2022-12-01,FMCG,Currency Volatility,6.92,27,2.08,buy,low,86
2020-10-31,Banking,Currency Volatility,-17.04,86,1.7,hold,medium,59
2023-12-29,Logistics,Climate Event,8.07,78,1.98,buy,low,83
2019-03-24,Telecom,Currency Volatility,-13.35,88,0.61,sell,high,32
2025-08-06,Logistics,Trade Restriction,-19.58,43,1.06,sell,medium,41
2023-10-26,Telecom,Shipping Crisis,-1.48,85,2.23,buy,medium,60
2021-11-13,Energy,Shipping Crisis,-3.36,20,0.79,sell,low,78
2019-08-04,Electronics,Trade Restriction,11.37,76,1.71,hold,medium,64
2019-02-04,Semiconductor,Currency Volatility,-7.24,48,0.61,sell,high,38
2019-04-17,Energy,Trade Restriction,7.09,31,2.82,sell,high,16
2020-09-26,Banking,Climate Event,2.39,69,1.08,hold,low,81
2025-01-23,Banking,Semiconductor Shortage,-2.71,13,2.34,buy,high,52
2023-01-16,Logistics,Shipping Crisis,-11.77,18,1.94,sell,low,73
2020-02-05,Electronics,Trade Restriction,-15.44,95,2.66,sell,low,89
2025-03-02,Electronics,Climate Event,-4.3,24,1.37,hold,medium,74
2024-12-03,Banking,Currency Volatility,16.75,85,0.71,buy,high,29
2021-07-06,EV,Semiconductor Shortage,-12.68,28,1.78,hold,medium,42
2024-09-08,Banking,Climate Event,-12.57,91,1.84,sell,medium,62
2019-12-11,Banking,Shipping Crisis,-12.52,67,2.05,hold,medium,43
2018-02-09,Semiconductor,Semiconductor Shortage,18.55,74,2.13,hold,low,84
2025-09-05,Semiconductor,Shipping Crisis,-0.45,20,1.91,buy,high,38
2021-04-11,Energy,Trade Restriction,-8.45,68,1.91,hold,low,94
2024-03-01,EV,Climate Event,11.0,56,1.86,buy,low,77
2026-01-23,Semiconductor,Climate Event,-15.9,93,2.38,hold,low,87
2018-05-13,Semiconductor,Trade Restriction,-2.44,25,2.44,buy,medium,40
2020-05-09,Electronics,Currency Volatility,-2.87,88,0.85,buy,high,50
2020-04-27,Energy,Climate Event,-8.76,78,0.92,sell,medium,69
2021-04-13,FMCG,Climate Event,19.42,22,0.84,hold,medium,67
2018-08-31,FMCG,Currency Volatility,-10.01,51,2.57,sell,low,68
2022-05-28,Semiconductor,Semiconductor Shortage,-9.25,63,1.44,buy,high,50
2025-02-08,EV,Shipping Crisis,-8.87,57,1.64,hold,high,57
2021-09-02,Energy,Currency Volatility,5.39,55,2.63,sell,low,89
2022-06-18,Telecom,Shipping Crisis,-9.26,46,1.34,sell,low,91
2019-06-19,Semiconductor,Trade Restriction,-18.06,22,2.07,hold,high,58
2018-03-08,EV,Semiconductor Shortage,-19.97,64,1.01,sell,medium,64
2019-06-25,FMCG,Semiconductor Shortage,6.18,42,0.71,sell,medium,40
2025-04-11,Banking,Oil Shock,-7.78,39,1.57,buy,medium,75
2025-11-22,EV,Oil Shock,-16.88,85,1.07,sell,low,90
2022-12-28,Energy,Oil Shock,12.68,64,2.24,hold,high,31
2018-10-18,Telecom,Shipping Crisis,-15.87,57,2.7,buy,low,66
2022-04-17,Banking,Currency Volatility,-17.26,82,0.52,sell,high,19
2019-11-04,Semiconductor,Trade Restriction,5.12,29,2.8,sell,high,23
2025-09-13,Semiconductor,Semiconductor Shortage,-14.4,25,1.97,hold,low,66
2021-12-10,Logistics,Trade Restriction,-8.92,20,1.12,sell,low,75
2024-09-23,FMCG,Currency Volatility,-11.78,87,1.77,sell,low,79
2022-05-24,FMCG,Currency Volatility,-0.2,24,1.1,sell,low,75
2024-08-29,EV,Climate Event,17.36,26,1.47,sell,low,83
2022-09-20,Electronics,Climate Event,10.51,19,0.54,buy,high,21
2018-02-26,FMCG,Semiconductor Shortage,17.95,60,1.77,sell,low,63
2025-12-28,Logistics,Shipping Crisis,-16.7,78,1.84,buy,high,35
2021-02-10,EV,Trade Restriction,16.84,29,1.84,hold,low,92
2024-07-30,EV,Trade Restriction,9.2,40,0.64,buy,high,37
2022-11-15,EV,Shipping Crisis,-17.8,95,2.35,sell,high,48
2019-12-21,EV,Oil Shock,8.06,30,1.74,hold,high,18
2023-11-13,FMCG,Semiconductor Shortage,9.99,44,2.33,buy,medium,43
2018-05-01,Electronics,Shipping Crisis,-17.45,83,2.07,hold,medium,68
2023-02-08,Electronics,Oil Shock,-13.32,30,1.14,buy,medium,71
2024-06-08,EV,Semiconductor Shortage,-19.9,11,1.11,hold,high,42
2022-01-30,Logistics,Semiconductor Shortage,2.11,93,1.55,hold,low,62
2020-10-13,Logistics,Currency Volatility,13.04,83,1.43,sell,medium,52
2025-07-20,Energy,Semiconductor Shortage,19.26,61,0.67,hold,low,93
2021-03-02,FMCG,Trade Restriction,-1.73,57,1.0,sell,low,95
2021-05-29,Telecom,Shipping Crisis,18.87,35,2.33,sell,medium,72
2020-10-01,Banking,Oil Shock,-10.68,54,2.09,sell,medium,36
2018-02-09,Electronics,Oil Shock,13.96,49,0.76,sell,high,34
2020-09-02,Logistics,Shipping Crisis,8.47,21,0.61,buy,low,69
2023-10-30,Logistics,Currency Volatility,18.98,20,1.95,sell,medium,64
2019-07-01,Logistics,Oil Shock,-17.51,94,2.91,buy,high,46
2021-04-09,FMCG,Trade Restriction,13.28,51,1.3,hold,medium,79
2020-08-14,EV,Semiconductor Shortage,-13.78,31,1.62,hold,low,66
2022-07-24,EV,Climate Event,-1.92,69,1.16,buy,medium,48
2019-01-06,Banking,Currency Volatility,7.88,15,1.04,hold,medium,80
2019-08-31,EV,Currency Volatility,-4.15,16,2.19,hold,low,82
2019-12-14,Energy,Shipping Crisis,9.92,41,0.74,buy,medium,70
2019-07-27,EV,Oil Shock,-14.77,61,1.43,sell,low,74
2025-03-25,EV,Climate Event,16.7,19,0.55,buy,high,26
2020-03-20,Semiconductor,Semiconductor Shortage,-15.1,69,0.63,sell,low,81
2022-11-10,Logistics,Shipping Crisis,7.33,32,1.38,buy,low,84
2021-01-31,FMCG,Shipping Crisis,4.56,88,1.11,hold,low,62
2023-08-06,Logistics,Climate Event,-16.49,59,0.84,buy,medium,38
2025-03-17,Telecom,Currency Volatility,-19.22,58,2.45,hold,high,60
2023-05-19,Semiconductor,Trade Restriction,-7.14,44,0.95,hold,high,42
2024-09-11,Telecom,Oil Shock,12.35,70,1.82,sell,medium,38
2020-08-11,Banking,Oil Shock,-9.34,17,2.41,buy,low,75
2024-06-16,Logistics,Trade Restriction,-10.54,50,2.52,sell,low,71
2022-01-09,Energy,Currency Volatility,17.9,82,0.86,buy,high,32
2023-07-10,FMCG,Semiconductor Shortage,-16.39,39,2.0,buy,medium,37
2023-11-27,Semiconductor,Oil Shock,-11.94,26,1.35,buy,medium,74
2021-08-18,Energy,Oil Shock,10.97,77,2.65,buy,low,69
2022-03-11,Logistics,Climate Event,-7.93,27,2.94,sell,low,81
2022-11-25,Semiconductor,Currency Volatility,8.29,81,2.23,sell,medium,46
2022-01-01,Telecom,Currency Volatility,-4.86,47,0.82,sell,high,21
2018-01-08,Logistics,Climate Event,4.1,88,1.05,sell,low,71
2019-03-03,Semiconductor,Semiconductor Shortage,-10.48,50,0.92,buy,medium,39
2025-12-13,Electronics,Shipping Crisis,-11.61,18,1.38,buy,low,76
2026-01-29,Energy,Oil Shock,9.3,31,2.71,hold,medium,63
2022-04-01,Electronics,Climate Event,13.15,83,2.13,sell,medium,41
2020-07-12,Banking,Shipping Crisis,-8.2,50,1.15,buy,low,62
2018-10-31,Electronics,Semiconductor Shortage,9.28,80,2.85,buy,medium,45
2021-10-16,Semiconductor,Currency Volatility,17.7,31,2.02,hold,low,87
2019-10-06,Energy,Oil Shock,18.98,62,2.24,sell,medium,48
2026-03-09,FMCG,Currency Volatility,-10.5,16,1.48,sell,medium,54
2023-07-04,Banking,Oil Shock,-2.9,47,2.56,sell,medium,35
2024-09-24,Semiconductor,Semiconductor Shortage,-11.72,91,1.23,buy,low,61
2023-04-24,EV,Trade Restriction,-0.44,94,1.16,sell,medium,65
2024-02-07,Logistics,Semiconductor Shortage,-5.22,67,0.61,hold,medium,59
2023-03-20,FMCG,Semiconductor Shortage,-17.53,95,0.74,sell,medium,71
2021-11-09,Logistics,Climate Event,-17.56,59,2.55,hold,low,95
2024-01-03,Semiconductor,Climate Event,-8.05,60,2.76,sell,low,90
2018-05-23,Banking,Oil Shock,17.96,31,2.93,buy,medium,46
2019-06-01,Energy,Shipping Crisis,-11.92,90,0.87,sell,low,87
2020-11-22,Electronics,Currency Volatility,-4.48,60,1.88,hold,low,65
2023-10-30,Semiconductor,Oil Shock,3.5,63,0.78,buy,high,49
2019-08-31,EV,Oil Shock,-15.96,46,2.67,hold,high,59
2022-08-11,FMCG,Shipping Crisis,2.88,70,0.59,hold,high,41
2022-07-09,Banking,Climate Event,7.75,14,1.49,hold,high,53
2025-09-29,Telecom,Oil Shock,16.83,57,0.55,hold,high,40
2021-06-27,FMCG,Shipping Crisis,-16.07,39,0.84,sell,high,53
2022-12-20,Electronics,Trade Restriction,4.2,21,0.97,buy,high,36
2022-07-26,Semiconductor,Climate Event,0.61,30,0.66,sell,medium,38
2023-09-07,Logistics,Semiconductor Shortage,-18.84,34,2.69,buy,high,46
2018-08-25,Telecom,Oil Shock,16.72,35,1.18,hold,medium,38
2023-08-31,Logistics,Currency Volatility,-10.32,72,1.99,buy,low,61
2023-04-28,Electronics,Trade Restriction,9.96,21,1.21,hold,low,76
2018-07-23,Banking,Climate Event,5.9,36,1.17,hold,low,74
2023-10-04,Energy,Currency Volatility,16.46,92,0.93,buy,low,90
2020-07-05,FMCG,Climate Event,18.68,92,1.19,hold,medium,80
2021-11-29,Semiconductor,Trade Restriction,-7.91,76,2.56,hold,low,89
2024-07-22,EV,Oil Shock,18.66,57,1.9,sell,high,52
2024-10-30,FMCG,Trade Restriction,-0.73,53,2.97,sell,high,16
2021-08-24,FMCG,Trade Restriction,18.09,93,1.25,buy,high,55
2023-10-20,Telecom,Oil Shock,6.42,27,2.3,sell,high,35
2023-07-31,FMCG,Trade Restriction,-4.47,14,1.96,sell,medium,60
2020-02-17,Electronics,Currency Volatility,7.45,91,2.46,sell,high,24
2022-01-08,FMCG,Semiconductor Shortage,-12.75,22,1.68,sell,high,45
2020-11-25,Banking,Currency Volatility,-16.43,55,1.06,hold,medium,76
2022-09-19,Electronics,Trade Restriction,-8.24,25,1.68,sell,medium,72
2024-07-18,EV,Shipping Crisis,-15.21,58,1.82,hold,low,92
2018-08-10,Banking,Semiconductor Shortage,-3.63,82,2.73,hold,low,81
2019-08-10,Electronics,Currency Volatility,-0.5,90,2.97,hold,low,65
2025-02-11,Energy,Oil Shock,-11.62,31,1.94,buy,medium,52
2023-06-29,EV,Semiconductor Shortage,5.34,61,1.57,hold,high,37
2022-04-20,Energy,Oil Shock,9.23,11,2.73,sell,high,22
2020-02-20,Energy,Currency Volatility,-10.95,54,1.28,buy,low,75
2022-04-21,FMCG,Semiconductor Shortage,-8.07,47,1.64,sell,low,62
2024-09-08,Electronics,Shipping Crisis,-6.29,72,1.4,buy,high,18
2019-11-07,Logistics,Oil Shock,9.09,26,1.03,buy,low,74
2024-08-12,Banking,Oil Shock,6.02,14,1.44,sell,medium,80
2020-11-13,Energy,Climate Event,6.14,12,0.62,buy,low,66
2022-09-04,Semiconductor,Shipping Crisis,-9.89,29,1.01,sell,low,95
2025-01-25,Energy,Trade Restriction,-15.96,76,1.17,sell,medium,77
2025-11-10,Banking,Shipping Crisis,8.75,25,1.21,buy,low,92
2023-08-01,Telecom,Climate Event,13.26,35,1.39,hold,low,76
2021-04-24,Banking,Oil Shock,16.41,71,1.33,buy,high,41
2018-02-22,EV,Oil Shock,-0.24,21,2.45,buy,high,52
2026-02-11,EV,Trade Restriction,-1.73,47,1.16,buy,high,24
2019-02-13,Banking,Oil Shock,12.06,50,1.56,buy,medium,58
2019-01-25,Energy,Oil Shock,-6.85,66,2.89,hold,low,70
2019-01-16,Electronics,Trade Restriction,-3.97,68,1.18,hold,low,67
2025-09-26,Semiconductor,Shipping Crisis,-15.48,17,2.95,buy,high,20
2019-03-01,Logistics,Climate Event,7.14,33,2.03,hold,medium,71
2024-11-09,Energy,Currency Volatility,-0.68,72,0.78,hold,high,18
2022-12-11,Energy,Oil Shock,-7.43,77,2.42,sell,medium,76
2026-02-12,Telecom,Currency Volatility,0.92,89,0.74,sell,medium,68
2026-02-24,Telecom,Shipping Crisis,7.05,59,0.87,sell,medium,77
2024-11-15,Energy,Oil Shock,0.22,70,2.63,buy,high,20
2018-11-03,Semiconductor,Trade Restriction,18.81,16,1.77,sell,low,81
2025-03-20,Logistics,Shipping Crisis,-1.64,83,1.62,hold,low,65
2023-01-06,Electronics,Oil Shock,-19.29,61,1.53,sell,medium,76
2024-02-28,Energy,Oil Shock,5.5,75,1.91,sell,high,49
2025-07-13,Semiconductor,Trade Restriction,12.66,68,1.33,sell,medium,38
2024-09-23,Semiconductor,Currency Volatility,8.64,24,0.74,sell,high,33
2020-06-27,Energy,Trade Restriction,18.58,47,1.87,hold,medium,75
2025-11-15,EV,Oil Shock,-14.38,62,0.77,sell,low,91
2020-03-13,Telecom,Oil Shock,-1.72,34,2.29,buy,medium,48
2022-08-25,Energy,Currency Volatility,-15.07,67,1.64,sell,high,47
2023-08-28,Banking,Shipping Crisis,9.45,80,2.84,sell,low,93
2023-06-02,Banking,Currency Volatility,9.22,26,0.76,sell,high,21
2024-09-25,Electronics,Climate Event,19.18,41,1.18,hold,medium,61
